ID,Target
ID_L7RNFK5JC9,0.36600795
ID_KUTY5K1G5F,0.12324861
ID_H6PJWKU831,0.42056623
ID_DNQXNVTXHE,0.560112
ID_8CRTF1BJOD,0.18543842
ID_64UNYP0YRV,0.14744046
ID_95RLFN8W6P,0.27143657
ID_U9FLCVO4L7,0.2840486
ID_MNP4PY97YF,0.14724402
ID_LVPPC2KF9A,0.16442257
ID_HQ1ZN2PNUV,0.3615568
ID_5M8OEEAEGN,0.12430145
ID_LGSMO0LHZU,0.16602111
ID_03JBCD6R11,0.4099181
ID_LFCKD1ZAWN,0.39017653
ID_PI63Q7WWFJ,0.41948342
ID_5QVPEZS90M,0.1452821
ID_6M5NFOBR69,0.14866863
ID_3I3D85I2V9,0.112288296
ID_RGDP6HDWVT,0.28986984
ID_HCB28H4FSO,0.2546839
ID_NTX1NV8N3Q,0.19133505
ID_II6FBCZTLT,0.39695007
ID_3CNCD8D6G7,0.18600456
ID_OVTJTSU3ID,0.4067173
ID_QZU5T2QCA3,0.1923177
ID_02B4N8PCZF,0.13641644
ID_LKG843ONK7,0.26478893
ID_EJAXKLS8EA,0.37938002
ID_DBW0WDD5MJ,0.16994466
ID_44AQOOMAW3,0.29918957
ID_R2L7314HHL,0.34186777
ID_DEDH0YUL3W,0.29298162
ID_Y6H4C5FVJI,0.31016842
ID_ZOXXOHZXEW,0.16303243
ID_XMH7PWAVF5,0.15235116
ID_FS9GNE6QK6,0.49037
ID_N0N789VJ2K,0.20707867
ID_8VCJ71LHTY,0.15798873
ID_6R3GP67KBG,0.25483218
ID_RCEVM497YR,0.12523413
ID_QQ9KM0QH83,0.3455138
ID_AV34GR0FQ7,0.21771766
ID_YRIAXWLVA2,0.42315733
ID_4CVDFMXBSU,0.530379
ID_C7SXBU9U32,0.34332645
ID_DM2X61HMCX,0.07082819
ID_ZJMAVY6F1X,0.033611335
ID_8CIXK9QQX5,0.25999254
ID_ED4Z9MV3UM,0.3839926
ID_Z5DNOG8IGB,0.399178
ID_FXHMHJHGWB,0.3924789
ID_6QBWA8NUEJ,0.17575745
ID_810ZMXC6UW,0.4159969
ID_Z59HJVRMF2,0.19559236
ID_CKM7QX3N63,0.38815194
ID_9BPN1NCFLC,0.22234945
ID_Q4OS392YJL,0.48301527
ID_T187OYBULF,0.5694269
ID_WW7LZILBC1,0.3536412
ID_6BW4KLRM54,0.41879
ID_5BPRANL1WO,0.07660575
ID_9AWZGB4NJA,0.4018059
ID_HUNRB3IWK9,0.1244282
ID_BUSQI42CQJ,0.4888405
ID_14JZWY5JF5,0.10151031
ID_847SL4E5OU,0.39093143
ID_WGRTYR9K27,0.11296735
ID_KKTFB04673,0.21496683
ID_9YQXJC1C26,0.26904872
ID_74LYFXAX6P,0.29975197
ID_W8G5QH9ANM,0.45245492
ID_5IZN3L3F2O,0.38374916
ID_QVLNI7J1JR,0.38037518
ID_V3BZC2A4MT,0.5382251
ID_QAM1TGD3BN,0.077028915
ID_C2410AOKQ3,0.3715189
ID_L4LHGZZYAA,0.22407246
ID_64V3G1EM7K,0.27417353
ID_OP1SQL5U0W,0.119698666
ID_XOA26YDSHV,0.01316087
ID_EPNVVAQ1CS,0.2713151
ID_PHB09KG8SW,0.3989666
ID_XD7ERU2NE8,0.1731525
ID_UYI3CGBMV3,0.41068843
ID_3E66RBQWU0,0.39994553
ID_FDBXLRBPWH,0.11407472
ID_IUCRBF7Q1S,0.2841949
ID_2Y3IHN5DR4,0.22197887
ID_ZFMW4IVOWS,0.1403625
ID_O9N1XN25M9,0.13909855
ID_C1ZXCC65YX,0.2553587
ID_PJCRZR8ZB4,0.44483626
ID_0HZW8W4FK3,0.3196669
ID_004T66GVNP,0.2345357
ID_7CGIPUZR0P,0.46056855
ID_4BFBJ3IZTL,0.3522236
ID_A9APM2G6FE,0.5372492
ID_VXYBFYK9BT,0.1596021
ID_NAD4Y3BKEI,0.030358456
ID_Z60G7YIE47,0.2508581
ID_BD1S3NGWWD,0.24443746
ID_M59FP8Z20P,0.11686073
ID_A908A7I9QV,0.025192851
ID_GCJKHDSENI,0.20761201
ID_7Z14CB6GFH,0.28521305
ID_7UKG84AVHQ,0.1264465
ID_0CW7KZK3GW,0.56026727
ID_04R3DB2WWB,0.24883573
ID_668Z1SOGCD,0.028307844
ID_RZNCB2IMP8,0.2075953
ID_NL9A5C7SFS,0.35847583
ID_C87V0UZ40R,0.37174144
ID_26WHW3F7WQ,0.33952722
ID_MO2ODJFVIA,0.5382627
ID_UZUUGBTQNO,0.034494117
ID_4APM9F2AYI,0.21053138
ID_G5MTEV8YYK,0.06118101
ID_V3ECPS8IJJ,0.13925596
ID_HKDDE0DI2F,0.47088003
ID_5ZU1L8LDJ6,0.17615062
ID_NZL6J6FDIY,0.33005884
ID_SPSTYZGQWV,0.26712993
ID_OICF8M6EMP,0.14714368
ID_2OMOE48Q70,0.1964043
ID_FNALPKX464,0.25405198
ID_DDAP7T5HS4,0.28384256
ID_JQ83JX41ZR,0.2443197
ID_6D9NC3UJQP,0.24177104
ID_304VDABR4A,0.2768961
ID_0NAF9RAY6O,0.6303016
ID_ZT8MDOKFYD,0.20716742
ID_7FFOXKBELZ,0.233139
ID_FH7WPT4G4L,0.33740944
ID_BS6BGSQ73N,0.27378124
ID_QABPQX1HUB,0.29895929
ID_BWMK7W6U4T,0.059772827
ID_8Z6SO9EUEQ,0.05386109
ID_GK7TOSQXH5,0.5656328
ID_ZIXM6MR3XJ,0.29920924
ID_J8WZ5DZ87P,0.22343743
ID_STST7AYNVO,0.67407227
ID_Y9G6MUWHQK,0.34659293
ID_2SNEJ2D4LA,0.25114745
ID_17NH7LYJFM,0.23548216
ID_KYG5E43G90,0.0132272765
ID_QVAKSNHOON,0.35308003
ID_D95AAHGPC3,0.3062705
ID_07QTV0FBV7,0.13413109
ID_XCUZ2A2PWW,0.14976053
ID_CCTF1HGBIY,0.6455833
ID_1TEAUYRI76,0.27987248
ID_R2FN1J2EWV,0.2929085
ID_9XR1QNF9GM,0.28913602
ID_FAMX4Y7RZL,0.3615255
ID_BDGWOOIFDF,0.20478626
ID_AIXF58VQGL,0.17375416
ID_AAEY31JAP8,0.29954588
ID_25A2OV74AS,0.14967501
ID_8YT4ZBNPK0,0.3811506
ID_OVIWM88HK2,0.3396152
ID_0ZM3363LOY,0.24350196
ID_BEJ81BHXFC,0.38529903
ID_23UXHCK7XP,0.4019557
ID_IT5D10R53I,0.44817466
ID_SGVBQIW69Y,0.3204777
ID_6Z4H2G0G62,0.025688732
ID_25N8D097TN,0.20529115
ID_AYH38Q5KRU,0.22346619
ID_LJ3AFMNQAF,0.3031345
ID_TC73AFS7XY,0.030336762
ID_LCM4JMX9BC,0.11578719
ID_DQRG75SWIZ,0.20609224
ID_BWI78EKWQ6,0.22349413
ID_1GLF5TLRPJ,0.21553108
ID_TLKBMO0X1Z,0.19990799
ID_NWXY1ZG09O,0.2739009
ID_CSMX31D0D1,0.30901322
ID_YJWENAU8NL,0.10424676
ID_JX6A3JJ5HQ,0.10663951
ID_GH9A6Z69VO,0.32442424
ID_KV5UCHWTE8,0.13374576
ID_GWR4IATJU4,0.24710676
ID_WB18BP2PH8,0.4332958
ID_YOO9XJXA5C,0.24294506
ID_IO0L87SZQX,0.30287063
ID_PTKY7RIYDS,0.081267655
ID_PPXDYU8B41,0.98996645
ID_N3GNAYBMBJ,0.22069125
ID_BLDR937IYR,0.09570363
ID_CUK6ULYR8R,0.2662765
ID_FY2TMIP5UM,0.23867048
ID_Z3CK65SEU7,0.028740536
ID_3J38X51OGN,0.027589746
ID_T8M24CS2J2,0.61660314
ID_VC8VD22RGS,0.24085978
ID_TFS0EGQI6M,0.23301144
ID_YLAYTYBN6E,0.1806406
ID_VV51WDQZMN,0.38823017
ID_GT7C2RLBP8,0.42055297
ID_JY9E0SG4AM,0.15778567
ID_O529NBD67A,0.22216728
ID_T7YPBPIEPU,0.25759634
ID_FLCCQHSA7Y,0.36248848
ID_W7109EDDLC,0.2858765
ID_XBLNQB93NQ,0.10740749
ID_WPPSMR6N5X,0.018963234
ID_T6Z1W74OIU,0.3516196
ID_M98FGWPLZZ,0.31008726
ID_YUQTNVWAEU,0.2861416
ID_C9DP8FL9MA,0.023537645
ID_8JI9NLTP85,0.59992075
ID_SAT1L1L7LH,0.23264535
ID_4RQRV7XN3E,0.13787116
ID_ZYCPROLILK,0.23058257
ID_NQDQIQDU76,0.2928465
ID_422OSQCP0C,0.29298547
ID_8WI60SAD4M,0.15182768
ID_UUBLFHUVQT,0.3115959
ID_0Y2B1417AH,0.15018892
ID_OOBW23URTE,0.23543076
ID_1H2PHCDWLX,0.13138294
ID_9R70ZA7QNA,0.2217252
ID_NZFFMDW2FK,0.605281
ID_B06DOJ4TS4,0.14937212
ID_4WGDJEPZLL,0.3426725
ID_WN9KXTKKMA,0.038022373
ID_8G73JSYY3W,0.2833748
ID_8SYAII6UR0,0.38529903
ID_XG1DJHJ7FJ,0.27789932
ID_IMWPJ5JVXB,0.1547096
ID_8DATH5ZNUL,0.04954349
ID_8BIZJ399S5,0.153723
ID_VXQJX0AFKP,0.10791378
ID_XWRAYH9OI7,0.19261226
ID_MS2X564QCF,0.27186257
ID_GGLU0OVJG9,0.45634818
ID_VCP5RWJEHS,0.31126684
ID_QPPT7H5OFH,0.4093715
ID_M7RADI6BSP,0.1300875
ID_98N5CVBOKU,0.033656094
ID_AZUE5IDNT8,0.23954327
ID_ZBO22L1YOK,0.1301551
ID_ATPOML8CL9,0.44008577
ID_BK220UPCIU,0.5041487
ID_XIHYG3Q3AG,0.35839343
ID_YOEIA5H4PJ,0.46860644
ID_Q9IQPKJMFC,0.4172307
ID_W9L1WXRB86,0.22829309
ID_I3ZPBJL26Y,0.1895986
ID_VART069818,0.6930018
ID_01NI44JROX,0.27051038
ID_95ZDF8Q50I,0.22579755
ID_BNSSNMTUP2,0.24865405
ID_8G1V8H48J7,0.10695424
ID_RZ10YBPRW5,0.2907518
ID_HM813V1SHP,0.27557456
ID_LOM7Y6T5W4,0.2769141
ID_1BIXCQXG1D,0.26045874
ID_S9SJZP8OT8,0.4860128
ID_BZ80P63541,0.50694764
ID_GMFR7HERB7,0.38876304
ID_06TGN24ZLS,0.17928472
ID_KJQVDD1GP0,0.29984176
ID_S6ZQ9IAK9O,0.35789087
ID_JPHAEX7K23,0.24703075
ID_RYOVA5UUQM,0.10534016
ID_FLMJPL5NDV,0.5604756
ID_5CDMUM2RD1,0.4196462
ID_8BHQRPMTCM,0.3133387
ID_PKBN9W35VF,0.16052341
ID_DGF3SQDWRW,0.27647254
ID_EOGOBNE6IS,0.33218437
ID_LNHWNPAZUP,0.29703006
ID_Y01W7WFKRH,0.57271713
ID_MAKL0LOP8Z,0.33613008
ID_BJ5EA4W4D4,0.23074694
ID_PF6VIKKS0F,0.21420114
ID_5IJ93SBO5G,0.2526501
ID_W1OZV1URBG,0.086385705
ID_J5EXUO0TFR,0.24781568
ID_IC4TA94SMW,0.32672334
ID_JOFBX5CX4L,0.13597484
ID_NTJCWYBA1H,0.43866432
ID_FFYF4BORBF,0.33543843
ID_HN2JJSOT7F,0.48397228
ID_WZD6G3PQJ7,0.12677842
ID_8UL1VBI8EE,0.18262443
ID_L2AZHWN1O0,0.52390444
ID_JJPSOVIWN7,0.56207234
ID_CQ4VTEY9M5,0.049636256
ID_CTS9TYPJ23,0.297165
ID_ZFF3KTTI5E,0.4104144
ID_G62205WSUX,0.50700116
ID_SUSLMTDLV8,0.27219146
ID_CEHKQA798I,0.44354603
ID_DSOB1JSK61,0.027034698
ID_QKOZAEIKZZ,0.4155363
ID_V6OAU2DKHY,0.36178258
ID_1NHURHWZDH,0.2320172
ID_KR9EZMXNIN,0.049375333
ID_S4T86N7C21,0.5132526
ID_G7VED28ESN,0.2549242
ID_H7CR4BSMNS,0.46704015
ID_TZBJSR5RZZ,0.47793126
ID_2J7MGO5MB0,0.10361754
ID_AMRL3OV0FX,0.2480035
ID_ZW2229LSA5,0.29038858
ID_XIPV6SE9P2,0.28964022
ID_PIFPAQW8KM,0.18560077
ID_3YXASH3IZ2,0.34043014
ID_81SVGQ790L,0.25010905
ID_GXPNCZ45VO,0.16128066
ID_O6900UGYR7,0.23473223
ID_GL7MAST7JI,0.34975478
ID_D00KBLKTNB,0.26924768
ID_FSPT1U4FUT,0.32958436
ID_4S5XW0J2ML,0.09489011
ID_ZXS0T2F5D9,0.1680142
ID_5BA25Q14XN,0.3723283
ID_5AWDXFU8M3,0.12848437
ID_EF2LRLAD89,0.25186938
ID_54Z7IRH3FU,0.35180563
ID_H86F3CCUKI,0.03352913
ID_B7FQWBAGEI,0.15195887
ID_6E3LXPS4UD,0.23162451
ID_36NKXDRMLM,0.29635623
ID_H8YVS928UV,0.23005177
ID_WIJAPBXZMD,0.25996488
ID_09L75OIRAO,0.1574799
ID_MTRIOCSGPQ,0.1646664
ID_OCSCWDN8CY,0.056275934
ID_Q30RB0WDJS,0.34723678
ID_KF29TRVEJP,0.46410426
ID_8TY2Q5XWM2,0.17400247
ID_VOUV8BC3GQ,0.7757119
ID_YC3ZK4OFLV,0.13227364
ID_RHYFPH7I44,0.7500485
ID_X33VZRZD4G,0.15387411
ID_5CA4LIYC0F,0.4467873
ID_K4V0SU2OUO,0.13750055
ID_PTJD12VBBU,0.2558142
ID_SZQHGJ63DH,0.3641183
ID_FS90IBXPM4,0.35544303
ID_MQ87CYISEB,0.014231427
ID_PQX7ZX5TQX,0.3231755
ID_YZB8PYR3HZ,0.28384256
ID_9L899I0HW8,0.18631962
ID_TVY59KSKJJ,0.08477218
ID_79PENVE7JT,0.17683445
ID_DW11SC04CA,0.08935681
ID_JJU8F2T9US,0.45549235
ID_DNXPB6WA0B,0.1507553
ID_21N0VTHWGO,0.40534866
ID_9TGZIV5J78,0.17919165
ID_UDTNC9B06F,0.29494938
ID_LRJEDN1GEL,0.27869883
ID_JSRBGVCQKE,0.90094745
ID_7MDQ2TA3P1,0.23752868
ID_6COG7AMYY4,0.335459
ID_RX0NA5F9PU,0.32292968
ID_2GR9AMQV2Q,0.3641105
ID_ET0F78CQJ2,0.19607976
ID_NW4PD5ABI1,0.27649578
ID_EVXVD82SGK,0.059524994
ID_7ZMDW2UA7C,0.24680418
ID_J01L4G2V2K,0.2469941
ID_2XJQ1XNY55,0.082374364
ID_X694CDRM5F,0.037446413
ID_VVV2278RBB,0.42989045
ID_5KK9AH5W0R,0.3095071
ID_PFMIFA5ZVZ,0.013854628
ID_BQSQURG78E,0.33776993
ID_WZPKVD29IH,0.4905078
ID_7ONQW4ZILP,0.30431166
ID_7TY0L1NKDS,0.26751795
ID_X5VIEV7Y7O,0.02104172
ID_32835RI7Y3,0.43819043
ID_MEKM6760FT,0.09099704
ID_0WP7ZV0EBV,0.5536833
ID_8KCBCG5O3V,0.3499247
ID_3RREDWGUJW,0.19411707
ID_W53QK2P6DQ,0.13577779
ID_EU08UG06FM,0.36190853
ID_P8KQT702DN,0.2954362
ID_Y8WNT6WVBJ,0.008834275
ID_FJ857PBY8Z,0.5033357
ID_7YUCEKTAND,0.13047154
ID_Q3HCAE0LGT,0.3275949
ID_9KU2WUH5F0,0.009004249
ID_RBLPGJPVQB,0.2718154
ID_7JJ1B44YK9,0.030274445
ID_TKSPIAUVQG,0.19006118
ID_CNB0EQMEYQ,0.4697014
ID_GWU1UQNP2W,0.41350213
ID_GDPWCHP8A9,0.04054193
ID_SPBV3FJZY5,0.2469801
ID_7YFS5T5SXT,0.33558288
ID_11FMA8FK3B,0.4556549
ID_DL4RSANF3J,0.28885725
ID_9394GDHOE0,0.15360644
ID_IDWQH246Z3,0.022796433
ID_062TBZPZL0,0.17730632
ID_YQ8Q49V8NS,0.37072915
ID_Z6WRCD8SR3,0.19975969
ID_K9S6D8Q098,0.36532602
ID_R5G71KP3JD,0.49699914
ID_W3ZIZBQ0L9,0.8176308
ID_DJ8B3GLPPM,0.2716264
ID_XNL3BVE50J,0.12548606
ID_HDTKHU1B3G,0.12138882
ID_BF00R0L2TJ,0.41633582
ID_WTZRC0QEYK,0.24778265
ID_FEMCAEOUDB,0.2876947
ID_B08ZU023EY,0.17873457
ID_QGNVYUSIWN,0.33528987
ID_3EVBL5HXC7,0.24282905
ID_C0B5AMTBO6,0.31983805
ID_PFFOCERJ0X,0.58843607
ID_7TV7G63RGM,0.6307485
ID_LFXUBTSWKY,0.23223154
ID_XELOWU5QER,0.31140503
ID_L3GX8GBVSY,0.15722688
ID_R5MVHMTTMZ,0.2823577
ID_RNRBP8AJDL,0.07681734
ID_TFSU2CPS7P,0.50085425
ID_SF5C0ZY29V,0.24241255
ID_6W575XR68B,0.12113542
ID_UDMRA4IBF9,0.31140184
ID_V9FFELXPJ8,0.49906123
ID_FQBP7Z1IVJ,0.34578073
ID_R2Y0CMEZG7,0.19706282
ID_XDJ1OM41AB,0.25976962
ID_UVLICTWM8U,0.3572704
ID_KW7908ATUL,0.21426676
ID_ROU496EGX4,0.25007
ID_FSF1FRWL5M,0.15529068
ID_CV1TLVLLHG,0.22334623
ID_XHWTIZXE3A,0.06447778
ID_ZLEFJVZ63H,0.039573383
ID_IBPCUXQ588,0.27120999
ID_81VDGGMN5A,0.3107625
ID_EQNX32639Q,0.28411576
ID_VMW20M8ZEN,0.14204833
ID_8UAT1LNJ1Y,0.4102981
ID_JZW5JN71W1,0.26478893
ID_NIW5FC0EIP,0.35429102
ID_QM55ZPCPS5,0.31210795
ID_I12OEGE1C0,0.74229705
ID_UFRDONJPCS,0.30845824
ID_NII31BKSCS,0.1836471
ID_KY9B5Y2YE6,0.12954415
ID_8U887LAHMU,0.26490986
ID_AGK3QH5F2W,0.07019524
ID_KVN5YRA8XR,0.3192543
ID_UH1KOMM5KK,0.13584954
ID_LKTVVJB79D,0.379603
ID_NESJH7KT53,0.2727356
ID_S72EL3R16J,0.17537718
ID_QNIYZU4QV8,0.5073231
ID_HH930YQHMN,0.120835446
ID_P7H56GZER2,0.23744468
ID_R3YVKTU7E5,0.32769293
ID_MXV709X7A3,0.1953292
ID_LJK3I94FG1,0.54051816
ID_KQHM0Y2RTQ,0.2729458
ID_TSDHQDAPJF,0.3449151
ID_GF5NYF9P9I,0.18577851
ID_REDDO42OC8,0.26493526
ID_UOEQIDP4JV,0.26987332
ID_1B3IGXIZXN,0.5993006
ID_JINRRPS3OR,0.33492202
ID_8HN6QL2QWL,0.2934717
ID_0IYV4WX7I4,0.23396495
ID_TS52UYJURI,0.2784928
ID_BIM17D7Z8D,0.04964834
ID_AJ85DH8O8Y,0.4318145
ID_CKLEUD6GVQ,0.17401889
ID_TNEB99CQ36,0.22254863
ID_JC258H0VF9,0.22568378
ID_RT8AD7AH0J,0.10914181
ID_D9TAEY9HMB,0.32876128
ID_9JS4PERHMQ,0.5337651
ID_LF8O697QCF,0.34713715
ID_Z3FLCNS4BI,0.30397308
ID_ISLGDEW689,0.18664098
ID_N3F55WATI5,0.20334835
ID_5C7GVK0M6P,0.3834206
ID_1TFFRTDY2G,3.1762213e-09
ID_JJHH55F0XP,0.27381167
ID_AFGP97PSLM,0.096807465
ID_RENASX2LH8,0.3450382
ID_25KBMDYJR2,0.3785601
ID_QM8UEFONFY,0.3036769
ID_C4FGIY0V5L,0.28405657
ID_EDR8OVB1UX,0.0050201546
ID_4H9BOYRO3I,0.2688588
ID_NMIVWMQ8PS,0.2777293
ID_YYBQZ20GUR,0.1437669
ID_UFJB5JPN9I,0.40700433
ID_K1B8QDVMYS,0.330162
ID_EFEEC8MNYD,0.12258878
ID_ZRSHFEPB86,0.16547292
ID_AJLGODUTYM,0.11623916
ID_NN9V10ANW5,0.400623
ID_90H2SGM8DM,0.26497865
ID_NSNI690LOM,0.22657576
ID_J99PVKNQTM,0.27763218
ID_1O1M0BHQ1T,0.31516868
ID_1NDXX8H8HB,0.016175106
ID_0Q12DCAUWN,0.3754529
ID_54X2H8AIZT,0.2006832
ID_PM2KPTI672,0.31607607
ID_3WNPQSUNQ2,0.24829239
ID_6M6KB6MD2O,0.2521912
ID_HAX3FOQL81,0.522398
ID_TM9XOJ4B68,0.11523824
ID_MVMSKQDHJE,0.42071533
ID_VASCHZWA8A,0.2713151
ID_L3EGJ12QXH,0.23109801
ID_J6DWRYO66S,0.17916766
ID_FO4N90NTQ6,0.37560138
ID_5WS8P00IYV,0.061039016
ID_6WGUA6DEXU,0.4550255
ID_IJL7BZNI3L,0.3229694
ID_YU6LXK1RGE,0.2814766
ID_4THJV3QG9I,0.18585354
ID_1EEIAR3NCQ,0.30854532
ID_2PJM1RUDGV,0.2262298
ID_IDOTWRNYF9,0.13869378
ID_WD97RXBD6U,0.21669587
ID_37S5ETK7JJ,0.32002243
ID_QJ9HXJSO4E,0.36609933
ID_2KS2GXPV7H,0.01690624
ID_3LPX0EECP3,0.16465683
ID_XH0PU3JNVI,0.2270092
ID_CWL2RAUKYX,0.060742434
ID_TVQ41GA05E,0.3771957
ID_L4JZTC3C5J,0.23517483
ID_AAI6IEPUKO,0.2315175
ID_SWWVGZW64N,0.09340532
ID_1VUQKKX531,0.5147623
ID_5C03MSAD8Q,0.2832947
ID_VDXSC40Y7Z,0.3160761
ID_VUDC8HIEPV,0.2749281
ID_KURGJ4AR12,0.29193556
ID_PDHZM9QN1Q,0.010790806
ID_PANX3H4EN4,0.2414829
ID_XAOCHHE9YT,0.13965382
ID_ENSLUKO15H,0.012226488
ID_26D0TEHS6Y,0.18779947
ID_K451P4MF5Q,0.2132084
ID_NIB4MT2BY2,0.29593247
ID_XZ3LTTMU23,0.21828547
ID_L68I2G764H,0.084936254
ID_RN4DADGV1Q,0.38608113
ID_SR3HDEU148,0.04264574
ID_SJTE5XCFB5,0.3570494
ID_G7XX5OU2WQ,0.2848736
ID_KRB7CYPY9W,0.45655715
ID_0E59VCIQQG,0.061497726
ID_AKPBVT0GO3,0.15447551
ID_3G55QSVQ9Z,0.28266403
ID_XL6ZB88Q1G,0.25305212
ID_B19RH65C2H,0.26951596
ID_Z7JJLWQ8ZP,0.17376502
ID_UBSL1VIAAJ,0.15049674
ID_31JO4D5PNU,0.4970041
ID_2UWNMH6E0I,0.11640035
ID_U4WA07FTOR,0.26983437
ID_T15X66H475,0.53974676
ID_FQKRIFG94A,0.06963405
ID_J7HHO01FKO,0.07943603
ID_6V0FBJ2HYI,0.24718095
ID_05NLOE4HT6,0.48341426
ID_6MPMAKC9C2,0.32226482
ID_FUHIHRLKFB,0.02765154
ID_FMDYUCJ714,0.227989
ID_UPBHOBJ51J,0.13645838
ID_N7YY4H199K,0.40601456
ID_V7MPIETWBI,0.26431888
ID_O5RCLYPARC,0.43027642
ID_2NIKZPWYNH,0.20701717
ID_VDZAUGV3VW,0.40755528
ID_TYR6C9UGY9,0.09439508
ID_2HBY98IP2C,0.060278054
ID_YOVW5GFR8F,0.7014936
ID_K9E0P39P5D,0.18728675
ID_H4G258MLPK,0.13455863
ID_O4AYLACSP1,0.27416202
ID_7LC0IQMOC2,0.5907842
ID_9561E15EF5,0.07565103
ID_TRBI2P2ZUV,0.37610325
ID_8QT2UV84NQ,0.29910636
ID_64QCDXNWUP,0.1969426
ID_DDTRNAENP0,0.65084696
ID_8UBQ8UDN4A,0.44975385
ID_Z5O1GV0CGW,0.03058857
ID_FV5U3S2JBV,0.3200989
ID_8L6XK5ZJJY,0.30843043
ID_MF7BW6WQNJ,0.5636345
ID_KN3S2SWARM,0.37044168
ID_3U5PL44API,0.12831432
ID_00WKPK401X,0.24663949
ID_37H1FP5I1L,0.29537922
ID_B65PSFEO3H,0.027532058
ID_KPK3H8DFNU,0.408958
ID_HS0KNGRF41,0.3080503
ID_QDNKFRV569,0.108743995
ID_R82YU1P2KJ,0.4582438
ID_SMAH2Z68L7,0.41525483
ID_1TMLDXSHWY,0.39286324
ID_QV2SBTPN3Q,0.15235116
ID_UU9F6RW89Q,0.20346923
ID_Z9TKBJ5LZT,0.53061414
ID_VAJ1091GHR,0.14901248
ID_F80T1X6ZDH,0.0917753
ID_DQ1T811R6F,0.1302619
ID_3XPC1PI4II,0.2559507
ID_EXALEGYKO1,0.3846462
ID_ZSCJ6EUZK3,0.30895332
ID_JPGKH37C32,0.3094344
ID_EBOBM42NQO,0.2898856
ID_5V2DX67LQH,0.20345557
ID_QZF8B6WZ9O,0.06910482
ID_0SPPH1R09L,0.3025838
ID_6GJ5OAC22Q,0.3307903
ID_EO3ND51QK1,0.38208243
ID_4NGJFDTAWV,0.31521106
ID_NXJ155DCSX,0.32365674
ID_2TP1YZKKT5,0.33747557
ID_W5E98RA7VK,0.15948208
ID_IPQ45CJK4H,0.10534016
ID_SHLDTAFRIO,0.27068487
ID_T377BRRIYQ,0.23905203
ID_2YZ5JYG4XB,0.26934567
ID_CQ1PIEPP9N,0.14089961
ID_V44N02QK40,0.30800864
ID_M5W4LF8KVD,0.021207191
ID_B2V1XSGB4Q,0.30680582
ID_COYRUR0DKR,0.039390076
ID_I9W5LR4QDO,0.2550192
ID_T4RHBZXAZT,0.30835098
ID_EU7WMZR9B0,0.5072875
ID_6N5R49ZNI2,0.0150300525
ID_UXJR1IS5CE,0.25436044
ID_JTWHS1BAHC,0.04028843
ID_VBSKMTJQMN,0.15460128
ID_HF2VW8E28A,0.40177494
ID_0H74ZMTSH9,0.18043771
ID_IQGI2SXISN,0.28976426
ID_T3599Q3KQ6,0.14345285
ID_OZCE8KZHSB,0.18756437
ID_EILEOMUBHZ,0.24438088
ID_CZJUQ9AKZ1,0.28707555
ID_2VIJ875ADP,0.2650134
ID_8VWC1Y5T4M,0.36896276
ID_FJIA5EC207,0.035361804
ID_P3Y5GII18X,0.2270092
ID_CKFDBL2SIR,0.28370002
ID_XKRNNM450P,0.38593838
ID_AEYPSEIX2A,0.2593771
ID_X2N97CCDEH,0.016012797
ID_4OFHT38D7Z,0.02792935
ID_8WCBFN17IK,0.2574279
ID_UGEFFO858S,0.07848098
ID_ZO9S3OWV40,0.09737876
ID_D25DWXH0C9,0.07864284
ID_R5FDIB0OC1,0.20429455
ID_IHHE1PM77U,0.32288587
ID_AK79OFLL6H,0.30869812
ID_BMROWFU425,0.31161138
ID_JLZPPN151W,0.3575169
ID_572SG39RIJ,0.21148555
ID_46V1BOFBUL,0.042300474
ID_EI9KNGS78G,0.3413197
ID_KRZIXD04K5,0.3504886
ID_9KNJFDOACZ,0.27424473
ID_3FF10N77YS,0.3178538
ID_Q835U4D7BN,0.16567953
ID_GTTDMCX10K,0.3698997
ID_851SD7P48J,0.1841819
ID_NTYHS39MAR,0.25700247
ID_92UAPBIXIK,0.114121385
ID_DSUGQT4KSL,0.27486318
ID_0L7QNP2IVW,0.23963252
ID_QNQ4AXUY2Y,0.3804201
ID_HA4LRFMWAB,0.28462976
ID_RM7LM63JRL,0.45435974
ID_7XJ1SE0OWF,0.31738615
ID_T8HBN1L5BJ,0.42832336
ID_UKR5IW6ZGE,0.44499347
ID_THHU980H63,0.15027657
ID_YMCO4FN9GX,0.3260061
ID_RRBAUZV0YC,0.20955674
ID_XKXG62RT00,0.22347893
ID_KGJIE46KM5,0.40709165
ID_0EBIE73FGL,0.16886364
ID_7U2OP3I034,0.36944652
ID_PC4XG2VKDN,0.30183348
ID_QSCERX215Z,0.10741947
ID_IMQO7RL0DF,0.19683164
ID_F1ENQM82WC,0.46055594
ID_IG1VM02T40,0.12852001
ID_S31M90PNJY,0.23477507
ID_NX8FM0P7EN,0.3275949
ID_TJGC04RR2A,0.15170743
ID_75HDDCEO6G,0.17829432
ID_FVQD8SSHEI,0.17180048
ID_TZJALJEO8L,0.4972141
ID_8DSODH0M3T,0.038130138
ID_RG1JCOOB8M,0.52806103
ID_BZCITMYZOH,0.27559775
ID_M8COV50TMJ,0.28867292
ID_6OBN4BSTLN,0.288731
ID_FZIDE6VO5Q,0.24816121
ID_YPQIX5VGRE,0.0044689123
ID_PT2R4IPF4T,0.09737876
ID_HCASCIZ7HU,0.16211404
ID_BBNPTIJK8M,0.3558029
ID_VDD1MW9GJF,0.45232144
ID_9BL7RO2RJJ,0.40408337
ID_VT70XDP57T,0.2104041
ID_25OG7NDESQ,0.21123669
ID_Q6SOMPNALJ,0.03807241
ID_RGVB6P8GJ5,0.3560377
ID_MDD4K6RYGC,0.048943248
ID_HBOR22DHJ8,0.149338
ID_V3I53I9LEW,0.7607658
ID_J1ZQS78C08,0.21073748
ID_SK9HEXSLLZ,0.1402427
ID_45ZFUX4ZUO,0.24377888
ID_QCRB3YPU94,0.054442577
ID_MMO9GRGIJ8,0.37473112
ID_D644B3HASZ,0.13233556
ID_14I21MZB8Q,0.19655079
ID_MTBKTNNZLS,0.5908773
ID_4ZEOJDVHEL,0.13519743
ID_EL2B7JWJKB,0.059182633
ID_GTS9LZ6WF3,0.43521467
ID_K8WH7GRGAL,0.32373488
ID_ZKVNBPW8U2,0.3860182
ID_GZ11G7OJ9J,0.4497993
ID_9FH5TIYULF,0.3761724
ID_8PL5GIV7ZE,0.12610929
ID_U1PBH4LY2M,0.091621876
ID_6IJF6KZJLH,0.05744782
ID_RPUFVXKDM0,0.3553688
ID_QT3VS1PPXM,0.13393244
ID_LB6H9IZUI0,0.19336653
ID_O81LDDH822,0.02563121
ID_329NLIWSVT,0.31099305
ID_RWB4W06CWG,0.2778951
ID_9ERLWH0SN3,0.19034347
ID_MMVW7JKQMU,0.328799
ID_77IX1EEDBC,0.038410112
ID_OIDJOSMIGV,0.44731465
ID_WDTXDDF2HY,0.26511693
ID_W4OO9Y94V9,0.27791786
ID_19MTU7N8WV,0.13137856
ID_VHEN2V33TX,0.22164123
ID_ZB04IU4N6Q,0.16544642
ID_IPXVD9CS02,0.22339892
ID_PIQ4ZVCGLH,0.37987816
ID_D4NPF5F86K,0.18923916
ID_K0N9W9NKHE,0.265946
ID_ZBHQGUVDYW,0.50779414
ID_VGVRW4YKBQ,0.19828685
ID_SE3U9W63DE,0.40635663
ID_OV9BLZ5XB8,0.024591964
ID_P6URR0UMBG,0.19181688
ID_6XLL3KXZ1H,0.238501
ID_MJ827SG1ED,0.44231263
ID_RTXRSW0WRO,0.3368126
ID_3YIC41DNGQ,0.01808709
ID_4IDKGGV5L7,0.23549668
ID_I16FIT4V7S,0.3594616
ID_4FJYLYMAO8,0.29324046
ID_DHNK01WW1Y,0.41118366
ID_ACQGGYTR0L,0.17778198
ID_P0010BN0OD,0.24180725
ID_PKJEDSD81L,0.09240038
ID_PTW8RNFHWI,0.13695814
ID_934ZS4H0Z1,0.09427343
ID_TH5UT4ZNBH,0.30976322
ID_RTU3KWBKLA,0.3142039
ID_PMP9QGCSEW,0.1841819
ID_WOVW6QM6TN,0.23188496
ID_AFIGCKQ6ZN,0.5942673
ID_M53NXHW8CR,0.26075035
ID_F5OKG5ITD2,0.4155363
ID_AIWEFM7LW7,0.5003638
ID_LVX2KEA3X9,0.5701015
ID_8I2BIBQB5P,0.2528647
ID_JRV5A3HVDZ,0.33847663
ID_C4467GHTIW,0.41637924
ID_NYOWBJOAWW,0.024351446
ID_Y025QK3KL9,0.40267366
ID_MCB5QXHMZE,0.21621855
ID_MIIJRPV2AD,0.19370145
ID_X7B04F7AZZ,0.15202124
ID_U1N4ZZ84T7,0.14679688
ID_85NLG21PTU,0.5845984
ID_TRLRIIDZD4,0.78480124
ID_MZ9HAIH0AB,0.21780904
ID_EGDYIEW1OY,0.26328135
ID_MECB5T8G3P,0.26152983
ID_X3KBPILNY8,0.24106029
ID_C89IBRZBN2,0.21988612
ID_AFBX7O5LPE,0.0787073
ID_ZGE4OL1NCJ,0.3340189
ID_UPUYLYWQI4,0.21578595
ID_VZW3NLKOQ4,0.15678261
ID_FL45W5MM7Q,0.013990785
ID_IBCS7EY796,0.1411148
ID_CJM74Y916E,0.4833086
ID_3J3KJJYGJU,0.12955172
ID_M2CQW8QGAQ,0.13909855
ID_AMYEJYK7X7,0.513065
ID_SV0EJSJ235,0.37194285
ID_2RLLD7LR5C,0.33343384
ID_QSOYTR1ZF4,0.30181223
ID_LT8HLAPBWF,0.14149635
ID_TKU0G9KOXF,0.0049427557
ID_YV86QRBB4V,0.2813368
ID_ESEK7BKRD3,0.25182423
ID_ECVODZ5LI3,0.039493557
ID_RI1TKZRKYL,0.17478116
ID_V123EYT10A,0.21838832
ID_6U6K3USY3X,0.26082593
ID_6IJ7ZHC6J1,0.26800513
ID_QXTRS3O7D6,0.35842475
ID_MNMO2IU6PR,0.025462367
ID_CTNR61IQDV,0.2778951
ID_EPYZYOPSH5,0.14725398
ID_OPYH0KPSEE,0.2220725
ID_GAHWKILL25,0.19274572
ID_FS0E56TCAI,0.017284067
ID_AKO02XY6NP,0.23423238
ID_7NUENSMZWA,0.26254016
ID_SR3WLBNG83,0.3204398
ID_ESNOFF686A,0.5400842
ID_EYMAB64DP4,0.41918558
ID_1KBGYQ8UD4,0.21725869
ID_JI6CF3NC6H,0.1533552
ID_DHOYMCAIDN,0.39944017
ID_IEFM0SHH89,0.23144957
ID_99EENATB2U,0.26541016
ID_L9NGV2RYBI,0.28218204
ID_FSMH897850,0.39009866
ID_E54JBPUERJ,0.5848522
ID_VS21GEY3RG,0.12840489
ID_Q16DDS3AIY,0.1377278
ID_6UF4TUQR69,0.13331358
ID_PNYWYRCBBJ,0.26178983
ID_Y1746C8SII,0.15597466
ID_9Z9PJ2XKZU,0.055800926
ID_2US38YXDMV,0.5296108
ID_VAB3G5AIZJ,0.113862954
ID_ULRQQLM6U8,0.29141793
ID_1K7NEONNJI,0.1616672
ID_E5T9ASHUWS,0.14437193
ID_6KN4MHYW7M,0.42882928
ID_HI89KPOF8A,0.22715937
ID_5FQCWI5HL7,0.27496418
ID_I6YLH17CDD,0.10451632
ID_TVJGRC7ET8,0.17362773
ID_B0UQCYX0Y1,0.12330961
ID_VGAFRCLOAA,0.021636043
ID_3IIIH88LPN,0.40760463
ID_RRKCDCRTAV,0.2956131
ID_99QKCJR2PT,0.15524662
ID_92O0KI83IH,0.1514465
ID_1L1JJLSD24,0.2945988
ID_IPL2GQVGZC,0.10400812
ID_OUZXXDWHEU,0.27032688
ID_TIT9XIO00E,0.53935456
ID_7GH17JD0FB,0.1237799
ID_WDOPGMELOX,0.42859128
ID_CNC73KMGDC,0.33100456
ID_R4G3IIRJY4,0.207055
ID_ZDD5AENKT6,0.18274492
ID_3WZQCFF5P8,0.32542726
ID_EJKBL33CDO,0.24738452
ID_OLFWN0NVCN,0.31628254
ID_SDVMADZLCQ,0.16395193
ID_F2ARWZMLNV,0.26141346
ID_5W9S9FMIO5,0.11719071
ID_H0KP3U0H69,0.31987846
ID_N15CW0CTBB,0.47529846
ID_NRPV5YKY0H,0.22005434
ID_V1P7QKRXXQ,0.17227848
ID_JN5E76JJ08,0.31723797
ID_CZHGD0900C,0.12851192
ID_Z9CBRRTERN,0.2646967
ID_0ES1NB7NUS,0.09320705
ID_167ZH7921A,0.2316288
ID_SFLHI485PJ,0.44869456
ID_2GO1MWC09P,0.14437193
ID_BJSR10WS5J,0.3303497
ID_1HZYKNWI7E,0.12138814
ID_DR7OV5ZF3V,0.55170107
ID_6WBZWI88U7,0.18981406
ID_I5X5T2E1Q6,0.19075459
ID_L73HDATDDI,0.22651096
ID_R1BP5ZS1MU,0.29611084
ID_7Q1RHUWI0A,0.26428258
ID_3XHEC0JZMO,0.26519617
ID_9049UD78AW,0.2542602
ID_URPXEQMWC7,0.34726262
ID_1JFQ2U7DZ0,0.30902842
ID_0W9S8AYBU1,0.18244831
ID_ZVG2SLHLGM,0.23882622
ID_KWS17GZ3ZI,0.36984506
ID_HH8L24XKNH,0.27397123
ID_LH3YJP3W8V,0.33761308
ID_1BVRYDUR44,0.031673286
ID_OQ8C5OCI4H,0.26916572
ID_7X84H6W6PS,0.4069659
ID_YXUQYSSA0E,0.05966152
ID_T6UZORVTBX,0.05365346
ID_STKDG3KQE3,0.22459944
ID_VSR885AXBZ,0.24327391
ID_QBYY03VP48,0.28409192
ID_V6U8NEGFK5,0.092246376
ID_K57HF2IF5G,0.3614828
ID_WPNGAMQWE8,0.6459923
ID_KWSLIGWBUQ,0.124621116
ID_AJODNUJIEL,0.23418695
ID_T4LH2DGWNT,0.18193358
ID_M4RILLPVF2,0.3460849
ID_JRGB6SV1WD,0.19022702
ID_GR7VRS71HQ,0.34884337
ID_A1BDFWI74A,0.096279845
ID_RUDGMDB395,0.037281714
ID_J1IJLQIMBX,0.22656417
ID_Z8MG91YFQG,0.07847353
ID_QLKQQGP0T8,0.09095761
ID_Z0QY6C0DFL,0.65257275
ID_2Q9JA7YPSQ,0.23924194
ID_2LL3ST4LBG,0.22384582
ID_P1AOINCL4N,0.31592858
ID_TMMM7JCOCD,0.41660082
ID_OJNCA023VV,0.18226613
ID_O1VP0X66R9,0.3111831
ID_JGXCZEA3WF,0.3678551
ID_0QONM154IW,0.38027784
ID_V1HXJTEQ4J,0.6627347
ID_FFZY0VB5FK,0.2724499
ID_BXJ8E0CTRO,0.42897943
ID_CUJB9YEGQW,0.2757812
ID_SC74AODO2K,0.19963267
ID_F2MKT4G0HZ,0.31457233
ID_HRRPZF13OW,0.2805094
ID_KY2YJWRZBU,0.17983529
ID_DRXRK6PJ64,0.4097399
ID_DY9DW7APW8,0.5264698
ID_Y32XTOBHT7,0.07322582
ID_BDZOR431CJ,0.2509932
ID_FUOOBSR8NI,0.3635607
ID_T50WV6FT6A,0.04705818
ID_93ZF1ZC6YI,0.5691905
ID_B2A4B5NUX8,0.32561967
ID_JAG4MGCZ9S,0.10393993
ID_EKO2SGT9VH,0.3619854
ID_0SST3RMXU4,0.14569259
ID_V7UX5JTN1S,0.25097996
ID_UZDHFXP07P,0.049109407
ID_4S6QZJ6XSZ,0.28295934
ID_VR07D27S33,0.2255908
ID_WC9EYQ24E0,0.26041266
ID_4WK0PIR3M5,0.093597904
ID_99LWEAP9B2,0.1439628
ID_PJ8DE2EJQZ,0.15969507
ID_WGNKFQCVLM,0.2728452
ID_6VLTDZ0X0Z,0.19848941
ID_D83X745P4P,0.24835178
ID_ZWHC0FSWX2,0.17396979
ID_ISWUZV74Z3,0.017488182
ID_Z1V1PR021R,0.15210779
ID_RTNWKCZCTB,0.5295657
ID_0ZDKTKGSRO,0.26655504
ID_RGEMCIYD0C,0.2175955
ID_98L9V7MSTW,0.13615242
ID_AX6R2WNGEV,0.48862118
ID_6R0KDDFDM7,0.48716807
ID_KOW65AAYQH,0.25167263
ID_RGN2P8FW65,0.041556906
ID_9FZSA230G4,0.42989045
ID_HJ18Y7TXBB,0.2511963
ID_DZQF9U8DBJ,0.28975368
ID_0Q9QM97S3N,0.22056496
ID_1M9RTDZHUK,0.1648453
ID_AJGNQ1A1DK,0.016838856
ID_S5UCVJB6B1,0.373672
ID_TSK9HQ1PL1,0.37652448
ID_WUV59GKYCX,0.13896425
ID_M86ZI30JQF,0.20418555
ID_Q8R6CBBWPJ,0.0066288677
ID_ATWDN9L08P,0.25174493
ID_YY35B2U16H,0.1895366
ID_IJ1TG3NIJO,0.26896277
ID_C8HE2Q9USU,0.28153232
ID_5UBRMSJ3QD,0.00998606
ID_JS2FTNVOUL,0.24916442
ID_0SLPOUGWAC,0.30775538
ID_Q8ZMZY05UI,0.25937086
ID_J9D2APJZ8Q,0.19536512
ID_9PIBETHTEX,0.45736212
ID_41GRIZ0GUX,0.3861062
ID_H06BCDF6SA,0.35150093
ID_A5IQA84ARZ,0.22787286
ID_4XD1PB1VED,0.011874134
ID_MFGVHTP9RK,0.51991445
ID_2H2X118LAW,0.015570926
ID_HURHZD294D,0.38474348
ID_8BL66THA1T,0.302129
ID_K3XDXEMZ5E,0.74526465
ID_SSO4J5O8ZK,0.022388216
ID_UNYHK79WTR,0.21986377
ID_FDJ38TITNT,0.2279138
ID_QQ2GBSPNU1,0.4955667
ID_N4D4KZYMMF,0.1178151
ID_OYM0FR36YE,0.29731148
ID_NGAY51VLRB,0.23816407
ID_AKF4DILUQY,0.21759917
ID_FEL59M93SA,0.085696846
ID_VC5SFDKXMB,0.41323647
ID_SVXV2NIMX1,0.2237969
ID_DIPEXP4DJK,0.3173303
ID_MQ322U4SUN,0.24126391
ID_UFIR3L0GVZ,0.4253984
ID_JL7MWNO41E,0.28481424
ID_MZ18L1PTU2,0.16721731
ID_5Y9W6CBGUU,0.16599454
ID_1H8Z72PZUQ,0.26362744
ID_0PBKRSEFEZ,0.41963255
ID_6F2V36TKOM,0.32838455
ID_CR18558K2I,0.26951596
ID_MKO9AGD3TU,0.36812302
ID_6M69V8KLJH,0.18031864
ID_410125XV32,0.24068388
ID_2UCYEV0TBY,0.1637406
ID_55KT9HCU89,0.44670594
ID_AVA5CDO15T,0.31442654
ID_A543FM5EA9,0.2668415
ID_HTWVM05ZBI,0.2979288
ID_RXF0LLZCN3,0.27723944
ID_T9PR6LQ14E,0.5073231
ID_XP2RJNDUS8,0.14687471
ID_7EGDAC81OU,0.13612254
ID_JRJPZ2VGG0,0.6079731
ID_2GOFHPF5MH,0.5289655
ID_U3QW6FMYPI,0.31658456
ID_SQZKCHVX2Y,0.4256256
ID_472JBKX82Y,0.28250158
ID_CIPA3SBHRK,0.06342914
ID_Y34I6NIFT8,0.21143688
ID_8EMRRY3QAG,0.37204072
ID_0IVL38S59K,0.5595212
ID_CM8J9E2DDJ,0.06628994
ID_IL3Z8LHLA3,0.12722908
ID_XLTQXDHS4W,0.07943603
ID_F9UAA02EHJ,0.24136312
ID_RPKP2I03G7,0.55427563
ID_XIOL5PDTSR,0.086491704
ID_LHBVXQENM0,0.09927764
ID_GEU677H8WO,0.35547954
ID_DFVYALY2OK,0.24111061
ID_7WJ1MH8YSS,0.27569064
ID_YM2295TJIR,0.36984506
ID_ISE2SN8967,0.30141595
ID_UOBAQUEIUF,0.5492091
ID_9NUEHYTYSM,0.42775053
ID_L5AYWDUIEZ,0.2421766
ID_5VLRDPED4E,0.1490403
ID_S5E9K3M0VY,0.35144845
ID_XF3E6S1HV8,0.4719429
ID_INGVX7S72V,0.38745648
ID_U8TBHR79TH,0.40026304
ID_TU6K1G7DJ2,0.3026282
ID_4T2IRJI6GV,0.24693353
ID_G9YQLRLFOT,0.21922997
ID_GJ283KOOVG,0.25052652
ID_EROQUCLPAW,0.2300138
ID_QVZJW11DOZ,0.26030418
ID_XAFMV6JTSW,0.2680079
ID_4CP24R86UJ,0.3090764
ID_5QCMB0I7NK,0.5869132
ID_05C4N3Q4XP,0.22161424
ID_0CAV1SR20H,0.14725493
ID_MXZEV0TTPJ,0.32758722
ID_5IL39QXIQF,0.545891
ID_SRR4RHLO4U,0.3912224
ID_EGZN5UFWQ6,0.40408337
ID_AF1IWB1X3U,0.18936639
ID_A3A3AGAELR,0.39220837
ID_A99CKK63ZS,0.2519237
ID_RD80J9XTP2,0.10334623
ID_ID337UG29F,0.24381146
ID_X85QCXLTGN,0.52120197
ID_8YU1AI65FT,0.30058566
ID_M6V8NR3QW1,0.007847364
ID_M87GHE25IS,0.25716618
ID_PNVH8CGHT0,0.16149165
ID_JMGYMIIER7,0.22266068
ID_SH6M6WFXJ2,0.6463065
ID_FP1YTA73S6,0.43120047
ID_HT8SSYGXKJ,0.39142776
ID_2QMGZZ2BDY,0.31993932
ID_5TVPY4UO2Z,0.07040105
ID_ZKTJPRA90G,0.046426818
ID_A4CZQG5YD1,0.36783975
ID_5BEMF2C8VD,0.14284588
ID_U6DP8KHRW7,0.31420937
ID_YK04SQFYP0,0.13289371
ID_QQTFZW82AM,0.24180725
ID_B1LZP3DS5W,0.30181023
ID_KKFTJNHAAF,0.26724243
ID_7LGORZREWC,0.23195711
ID_0PUZYEP90X,0.031006718
ID_QWARNDYU5W,0.25938797
ID_7LE4PZ63RI,0.13438581
ID_USJKIKF7C2,0.3910608
ID_YJW10LHAO5,0.33443075
ID_RVLR647SYK,0.13231148
ID_CB2S7RX7YM,0.5595212
ID_8KHEN6B0SU,0.174966
ID_UPOS0OH4L1,0.36282095
ID_ETM1RV2913,0.36415845
ID_AXY77W4L0E,0.28651783
ID_1JTNJ32KU6,0.15865642
ID_QJDS705M14,0.25504225
ID_QJQO4K5RLH,0.3077657
ID_68SKBHF48L,0.9999454
ID_H8BQWM3ELT,0.29049242
ID_SPCT73OV63,0.019745333
ID_WSEJQDR650,0.016643275
ID_Z7K4UP8O8I,0.18544808
ID_9XEER7G05A,0.029773783
ID_NMRJ7YVVTK,0.1948496
ID_3KQMI3V0GV,0.78140134
ID_K7KUHNCRI1,0.30957928
ID_08I7YIDPCX,0.36326203
ID_ET0D15R4Z4,0.19623628
ID_8OR6Z2MPRG,0.063479014
ID_G7ROUC3ZGP,0.49541846
ID_RU2RQ889R2,0.05413763
ID_WVYN68OSQZ,0.3637694
ID_SYI4DWL41L,0.3555589
ID_L3DME3ACUN,0.30001092
ID_BPIFRVLZGY,0.034531455
ID_FI7RQYC897,0.14621764
ID_B9TN0KDNDM,0.3444062
ID_8DGLE5KLNI,0.17126581
ID_38PSQDKUEP,0.25217006
ID_Q4L5O3J80S,0.008536651
ID_CQVEZBIIMV,0.043931108
ID_KZUN5XSDCY,0.23400843
ID_OKWO5DJQIC,0.06932638
ID_Z8B1JCFRV0,0.4586144
ID_2U3MAR6J54,0.19522771
ID_WMX1DIFQ11,0.14358081
ID_A02W005AOD,0.33401033
ID_GS9FDG6HL0,0.30056134
ID_T2836XJIB5,0.28592807
ID_WV0MOYYT3Z,0.14867918
ID_4EP83971N1,0.26456589
ID_27ZGMNG2JJ,0.16970481
ID_DW4AGE6WEW,0.23178089
ID_O9Q5SLTNRE,0.12729418
ID_HD073YOJVQ,0.39452565
ID_O2SJA04GRV,0.3845066
ID_9YWWX8COQG,0.4595202
ID_6XLHB4XPLK,0.42112672
ID_0D3TFRSGUA,0.41173148
ID_1OLXJT73RV,0.22693568
ID_5X61SPVFP0,0.061639443
ID_Z5QQKY1YKS,0.17455836
ID_BAHBMI5PRL,0.27191657
ID_ZIUMCA57C5,0.2958315
ID_7FFXQ8T2EF,0.08199239
ID_OPKHYX00GJ,0.21881926
ID_CG6O6B5GRG,0.2942549
ID_UUBNDMKF50,0.22144431
ID_J39WB1RGLI,0.23832765
ID_0HTVU460EN,0.25417906
ID_NXI7EOVX06,0.21675007
ID_1Z6S51SV3L,0.33253032
ID_CHQU2BSIT6,0.17612232
ID_DGOO1DP1XE,0.33343384
ID_ZHFLA9IVCN,0.5608692
ID_E8FZNNYDMJ,0.3242877
ID_OMW4G80U2Y,0.46095362
ID_L9PZTPU7HG,0.29806605
ID_M1RSS3CHZW,0.07298428
ID_S5T8R00ST6,0.1400201
ID_00GT5QZUUV,0.2590764
ID_2IV7VWO4PR,0.16547292
ID_6H0NKKS7DD,0.2642596
ID_PJM6NE2A0O,0.19412479
ID_A2LH8WNT75,0.37914404
ID_WU47O1AXAK,0.2627561
ID_KQ7CE9FE8K,0.18480365
ID_9AE1BN0E3A,0.17759234
ID_TZA0GRN2NM,0.59610146
ID_BD8O2NCJCG,0.2525304
ID_LTYVH0XXHV,0.2482662
ID_GDSR3Y54HR,0.48979682
ID_6DW8G1AK03,0.28672037
ID_ZY8FGG3BTN,0.1143088
ID_VUVRZWEXKL,0.17066374
ID_VTNWPMXL7Q,0.016439438
ID_LNKMUH997S,0.5166627
ID_XYIVANBXWY,0.28510335
ID_714JKLN2J2,0.44942996
ID_JAGRE6VD6G,0.2019947
ID_4VE6Q7QGYW,0.11721074
ID_Y9H2CI1VUO,0.08115881
ID_RK0CH7Z44O,0.18214054
ID_AEZSCQZR44,0.36812302
ID_H194EPAXN2,0.20139131
ID_DJ58SGMFYS,0.26423833
ID_Q5YQYSBLTA,0.21400931
ID_O7BW3B5589,0.38062313
ID_0ICSIOMHZW,0.2663554
ID_S6IYNZPH26,0.22712137
ID_7R0SMRJUCP,0.1951905
ID_PD7OK5OMA1,0.13047154
ID_QVCDZ98KMO,0.42945507
ID_MP98UIQQT8,0.2938767
ID_JGTMZD2E8P,0.21084844
ID_X7VW5K4TQJ,0.21197289
ID_U4K4GMQWR7,0.25716618
ID_37LRQL0CSG,0.9574456
ID_F0GP8DK9PG,0.55943763
ID_IMTEXW3DUV,0.5615392
ID_W0AFVU77NF,0.36904827
ID_NY81OLNGDP,0.36716932
ID_QAP73KDKBR,0.032513462
ID_83GNCLLDLA,0.36091954
ID_0GFAIT2V57,0.15404792
ID_L3FKN92REL,0.23543076
ID_XGTY750DQ8,0.8036964
ID_RJH3YLIU55,0.4767888
ID_4E2KIRPLC4,0.044081062
ID_MP7PLE8MR6,0.3719206
ID_GHOM87ECTR,0.23981372
ID_H4OELC6PED,0.2894042
ID_0T2NUI3D5W,0.4679475
ID_MK31FH45DO,0.50603235
ID_R3VUV9LPWN,0.29996997
ID_JK99TP97I3,0.14090355
ID_GG5MJ3RIVL,0.30410704
ID_O4GCPX866N,0.6803571
ID_XMWHW00DBS,0.15578464
ID_C41VOAXI7Z,0.27214932
ID_HUW35RB4PG,0.2149611
ID_26HWCEGG3O,0.49244544
ID_D6B8AI1E9V,0.6482153
ID_TFJ5MTWV1U,0.15900554
ID_GSOPFSJAU7,0.0973459
ID_KNSTHH9V8V,0.2015121
ID_KOZXA9EOSM,0.27745813
ID_8LN6THQ1ME,0.07300647
ID_ONSR8MIKPF,0.33697817
ID_V03PBKGGY7,0.24878709
ID_65KVY29VNW,0.10544788
ID_7QPPT0DLOV,0.3061748
ID_LGE3NS3K8W,0.2255152
ID_7V8596UAUY,0.031979516
ID_EEWK45Q49E,0.30885592
ID_UVPH388B5Z,0.24233195
ID_60FUJ0U841,0.23931094
ID_R9QV56PYNW,0.040612396
ID_E4DN8DAXPA,0.2531452
ID_PCHKWT8M7Y,0.27869883
ID_GRBNMGUL98,0.06321863
ID_BR9JZ7CC0V,0.24259019
ID_6G4CRQ1C8K,0.607391
ID_28SHYS4VR6,0.27075744
ID_YZOJDN4I4E,0.47485307
ID_LC4SR64XOO,0.12722908
ID_ZPDHOJH9E4,0.17888042
ID_ZRQKB1HSNF,0.41328272
ID_I6XH1YFCVF,0.09757343
ID_XMB7UGQIP2,0.38804266
ID_NOASMLAJCC,0.2219656
ID_RM1JDWK8TO,0.5349101
ID_PEKIMNF0ES,0.21336025
ID_C36D6YDEUB,0.20932968
ID_PHL9QK7YFU,0.53545594
ID_7H7386WOG4,0.25610843
ID_PRNJ7037D0,0.1673324
ID_98167VK3XP,0.09672508
ID_8JTT3OMII4,0.34215486
ID_Q8MG75UE46,0.3269
ID_WQ8B28V28L,0.15714191
ID_9USSRWDFKG,0.017780682
ID_BA3Z2FTYJ2,0.2328352
ID_668PLD8248,0.33262378
ID_65ZY9UI291,0.1549308
ID_0TM0HTDSCN,0.39175397
ID_JL4SXGIYXW,0.28042457
ID_VM9TA02GRV,0.26655504
ID_C6RYG1L01B,0.38427082
ID_8VLD9F3EZ9,0.2004634
ID_7ML5PBNEZO,0.09229985
ID_KP65W661DT,0.43968496
ID_46CGZ6GMSA,0.30259353
ID_OCGO08UEZD,0.29005837
ID_JLF9HP2XR6,0.24599366
ID_9KQDJ0SM0A,0.15540627
ID_E73YQARP5Y,0.21452598
ID_W4RY7E7OOQ,0.26288542
ID_ERUB7BE2IK,0.24982463
ID_MWOKUWDU9Y,0.47476396
ID_YNZTB2TH39,0.24587943
ID_TOO9SEYX75,0.2546962
ID_AF0WCQXN3Z,0.11586995
ID_ONFRIW44UF,0.4813055
ID_PU18L5EMDO,0.06571725
ID_QSEG7K5IY0,0.3005568
ID_Q42FU9N9JU,0.12223631
ID_8OVI30SY4V,0.18948548
ID_A0PCUDFFZC,0.34216493
ID_ISS8C6J8VH,0.22816885
ID_FZ2JGA053E,0.02789548
ID_D4QXWHESFM,0.14016218
ID_RD21JOPK6O,0.26718694
ID_IR5C15Q1LR,0.24599366
ID_GQ286W711N,0.2886689
ID_FAWWHNZWDR,0.11467622
ID_ML3XWJOKX4,0.00013622078
ID_6ZEGZZ57BJ,0.03537989
ID_39DOQTR8Y1,0.2149095
ID_9FX8F4FV27,0.27524275
ID_K9U55932QX,0.28232837
ID_39DJLAK3FK,0.23565112
ID_ZPAEEKSS9B,0.37498006
ID_2WVSOSCA98,0.11300047
ID_ORVLIFUFA1,0.19168675
ID_HR845I3Q3A,0.16637802
ID_T6638CKYBQ,0.14374441
ID_9908GOO4TN,0.29926702
ID_21B66W6AED,0.3692582
ID_GS6ACIBLOJ,0.3130345
ID_RBXG6PRXEP,0.2518973
ID_U4ATIDYQVH,0.29044756
ID_URKQWVAUFN,0.13680099
ID_DLE71MJP3K,0.10838543
ID_R4107YW8I5,0.12873879
ID_ZAC4LCACOM,0.41357753
ID_JYQHQIU0SL,0.67965454
ID_JU8MHLI3YT,0.08935681
ID_JAM2S5ZOZE,0.23312284
ID_PKKHHGR2VY,0.23832765
ID_3R7YBJCH2S,0.062463515
ID_9GLNGSCV1O,0.2661742
ID_DIKVF4INN1,0.3345642
ID_8U53YFDWIT,0.09074103
ID_IKK7663JNP,0.06321863
ID_WPENFN22O6,0.31117114
ID_0H924LEGRX,0.40991768
ID_FQMN4S5M0O,0.30508432
ID_QO5DG5P65J,0.30688897
ID_A39ZIH4CA8,0.27007857
ID_KTKOWXOZ5N,0.015066054
ID_FJXGTQIC43,0.44707814
ID_TS3FG9QAY6,0.18880042
ID_ZRIJ9WISCQ,0.26593938
ID_QDRZC4FGJJ,0.26913777
ID_0MW78ZZ85Y,0.335218
ID_1AUZRJMELT,0.526406
ID_4LKFPMZ3EE,0.30690557
ID_LCJPJV68VM,0.06989817
ID_1A4NWRZZOL,0.45799658
ID_K5MLPMXPNE,0.26934567
ID_SCJCWG3891,0.20694858
ID_KHZ0QHX2ZL,0.02994002
ID_6SV62CSV6R,0.037331376
ID_JS2DJP5P5P,0.16926235
ID_F94TUBPXHJ,0.21288615
ID_LTLO1Z58O7,0.16875716
ID_T4FEJU344C,0.08317924
ID_791NQ209D6,0.2958899
ID_AR73ULOSK5,0.11944084
ID_O19QTEM1PW,0.14234817
ID_Q286O7PDN9,0.25791267
ID_WREHYELAHO,0.3843719
ID_9AAL3HYPBZ,0.6245462
ID_XIR9AR0I1T,0.33745223
ID_WPP9U5XDYF,0.009678165
ID_G1EU80B686,0.31921792
ID_3478MUKBYI,0.2723127
ID_K3F0Y2N1JJ,0.5259422
ID_EV6B223I7R,0.15019955
ID_CSO2RLU1AC,0.36601532
ID_57OD923XI0,0.2804404
ID_221XHAJRLP,0.42500266
ID_7IZASD7TAS,0.21094236
ID_NDAREG67NH,0.18186623
ID_H9G7N8DZBT,0.06858615
ID_JGAXXVL4O2,0.37783203
ID_T4NANJALWJ,0.18716614
ID_GKZJ39ERUX,0.3202551
ID_D78N3CYXEE,0.38294327
ID_SQTA5OBPF8,0.08280361
ID_BTMC0CFO89,0.4578849
ID_4AC418KATO,0.42120224
ID_61D98H5TFQ,0.34699222
ID_GOPJKK7RGG,0.19094257
ID_GS3V2X4BU4,0.24289425
ID_28BRYELTOP,0.43195143
ID_KE0Q90FOD6,0.010056
ID_59O47J4N99,0.38973123
ID_0W1NGKW90Z,0.2815855
ID_3P4M6JTFRV,0.017128982
ID_79O5LTOJMM,0.15263325
ID_L5PAJ9C58E,0.3922039
ID_9LFZ5F90S4,0.1783233
ID_GX1H6W1VS0,0.11624032
ID_3B3W734DPI,0.11688903
ID_G3XXEVUZWW,0.058319125
ID_3MGHQ1STH7,0.07799992
ID_X3I5BTGI2R,0.42005813
ID_UDRZPHLDRZ,0.36592942
ID_SD51LOX5LQ,0.28294116
ID_W0LQ70JVPD,0.108743995
ID_NLP76KTOQ0,0.029773783
ID_5JJG5VJQFP,0.33537433
ID_2GOXTRCVX1,0.60971636
ID_7PMMCN9Z2S,0.44974044
ID_VCFGZYOKGF,0.22061317
ID_LKOPMMIHWM,0.2109434
ID_7VSOQZF8TX,0.27778602
ID_3SWC8323T1,0.29143614
ID_FPNAZI2EQ5,0.10401518
ID_J4IK675G7V,0.28675887
ID_AY6B97NE9T,0.24241255
ID_CRRMPS1YBY,0.37972906
ID_34N8LYROH2,0.25165293
ID_IUYZSUUPXG,0.35878086
ID_7SB3QU91FU,0.6317512
ID_Z5MOI7GBSJ,0.046804372
ID_0EB8S12K75,0.23460114
ID_PHAWDJWJQ1,0.32121378
ID_NPG4U8WLUN,0.29323804
ID_MHAD43CJUJ,0.44181594
ID_5J7CZYSIN7,0.29924858
ID_HQAJKHEWXT,0.36613962
ID_Q7AW7G67S8,0.4283826
ID_6VPW7GKBK0,0.28820583
ID_E0P588OWD0,0.31726274
ID_FDX0N46FJB,0.21707368
ID_0T8VOXTGWN,0.41725612
ID_L5V7YRQ4E5,0.3483795
ID_CXZDQJI4AK,0.14122134
ID_I4I2VHWEOX,0.04925381
ID_PKJVWUTQL7,0.18437372
ID_RCM1NIOXGH,0.29272553
ID_L05R9S1N8H,0.54972833
ID_HS23JGCPJT,0.2638442
ID_5J86BMCTG9,0.36281294
ID_OZZDTM7Z97,0.026803264
ID_QJKSCS7PQL,0.3692034
ID_ENJ4YV2WNP,0.43479195
ID_TN0G5IRXFX,0.3981022
ID_ZF0MC464PB,0.028028037
ID_D0RV8NY6J3,0.3047271
ID_K88LT36J6S,0.24410477
ID_LYFISOL8GE,0.20785555
ID_IMISZDC46E,0.060854472
ID_XB17YQOY90,0.13833578
ID_0MNR9SQAXO,0.09049101
ID_WVBZ7S0YR1,0.35863295
ID_UDR3MEQIPS,0.11630651
ID_APLLAHH6F2,0.40381524
ID_P1V14UJJTA,0.24445644
ID_N00AZAAPFR,0.5537127
ID_P31E7ROUAW,0.3723414
ID_5GY4B5P6NN,0.20242172
ID_6DSUO44EFY,0.22085398
ID_4KPJVZ74CM,0.20196846
ID_MA83LN52KJ,0.25851315
ID_VM1BFBBOG1,0.029880775
ID_AK7VUFEAZK,0.013729698
ID_ZETN2MUZPG,0.26536
ID_5Y3ZXT1SF6,0.34373316
ID_8DUWFB71NB,0.1592551
ID_FULBLZJQTC,0.2042329
ID_0IJ93NJMFM,0.31445217
ID_83536RRQXD,0.32845667
ID_QXLPRN8DPN,0.2115507
ID_O4619AQBWC,0.4090104
ID_MNB9B6QF64,0.039094
ID_GYEUP2OPTQ,0.021735935
ID_T96RYALF0O,0.25332227
ID_GIIATLCZYK,0.33771682
ID_4OTD7Z97MO,0.461633
ID_SIFTNQ8JNV,0.4143076
ID_H3KEWRQ9MF,0.24446657
ID_24B9HUSO9F,0.11290631
ID_5YVR9O9O0O,0.16458121
ID_SZJ13G8022,0.20879848
ID_T71P0ZHILM,0.18782772
ID_SBIO8VY0OL,0.24406709
ID_QA155Q4XP1,0.38382664
ID_MJH8NXQQU1,0.2654168
ID_6Z03T73URA,0.40893623
ID_UTT1DK0Q1G,0.25944003
ID_KVK79JOT1I,0.4390886
ID_BDR9I54LCD,0.26340953
ID_HOMFML3L9F,0.23686206
ID_ARJAJ6LXAY,0.040008333
ID_26I9WJFM96,0.28846344
ID_GF25BI2FZX,0.33880126
ID_BWVKMQNCBA,0.15096793
ID_Q1N5PGRP4R,0.4230987
ID_FZODHE30IQ,0.23141353
ID_YHQ1TIABQT,0.12635307
ID_BB3OOANJDC,0.2503284
ID_B1P9QHGPZI,0.16901852
ID_WZFASBPLV0,0.4824396
ID_2BUQ8MZH5C,0.12881401
ID_OBU67BALU2,0.3365672
ID_HKWRRD9ZXL,0.25880206
ID_O47NBU69Y2,0.117561616
ID_YN7BM9IK59,0.4318587
ID_XDTC7PNO73,0.17090411
ID_EPLE7DFZL2,0.29061
ID_D5E2MIA5WG,0.3548608
ID_KG3PE5VXCN,0.29495117
ID_4JS4M434C2,0.28049803
ID_NME1HNBM5N,0.1771954
ID_JYGFUXS0R4,0.8391026
ID_FSCB9TTXLK,0.22263788
ID_C26FEH1WWO,0.30878833
ID_HISH2PU6PD,0.32853284
ID_FJZM3LLLS5,0.031952824
ID_R1682Y42WZ,0.12874438
ID_IS3YI74BZU,0.49244544
ID_7LRYLELPTY,0.17014359
ID_X9JXDSSZUP,0.053781997
ID_MOGM93YKWJ,0.23424949
ID_0U3M8VUQOK,0.43900087
ID_QLPYG29OX4,0.0068537476
ID_RPAPEW056Q,0.008353582
ID_OISZ5F7VEF,0.2812856
ID_HCL22OQXU3,0.41897342
ID_EL6L11ZN7B,0.35860914
ID_A05DNI08GF,0.37672427
ID_39BLBB5DE6,0.37496844
ID_J3ZU4ILZKB,0.16104649
ID_4AANYDEQN3,0.42705074
ID_FS9VP7KSZ3,0.507994
ID_Z4X0LH7JCW,0.30559683
ID_4ON3YZGO7Z,0.23177041
ID_QKO3G5J6AQ,0.1885341
ID_Y6TS86XEMH,0.2256086
ID_N9AHYAR2ZE,0.55207944
ID_291MQZUTJ7,0.13960701
ID_90I91OKAEO,0.01461714
ID_81S4N6PLWH,0.2773991
ID_1ZL210089L,0.15570197
ID_I2HD0225QI,0.27850562
ID_ABEVFQ6VZH,0.4762488
ID_H9H165498S,0.24679552
ID_1NFPYD4UVN,0.28161868
ID_XYF90L4L9G,0.3981022
ID_OGG8WJAIZ1,0.011874134
ID_63DBDZE1DU,0.050059237
ID_BHPPVOXMND,0.27126035
ID_D96H5C6L0L,0.3353835
ID_C2HHD6ZVE6,0.36786887
ID_H331N9GQA1,0.37717107
ID_D17RZOQ95F,0.40606526
ID_QHN2MELZST,0.5532271
ID_SP29DJ8NEJ,0.1297454
ID_W67GU3L040,0.048633836
ID_0CACCCWG1A,0.39734128
ID_HY3UREYM1X,0.04117073
ID_WAUWWVGAPD,0.1463034
ID_2B3ZG8T4E1,0.5010346
ID_EOK84RFF5E,0.2567142
ID_OQ1JIFEHNH,0.0157037
ID_ZPS3MRWZTB,0.35680842
ID_Z5X00F770U,0.4376568
ID_SYGDWSMLFG,0.4307511
ID_IXETN0OGZH,0.4272537
ID_CF80VQ2ITJ,0.23662445
ID_H2124748BE,0.37124738
ID_HAHBLMQY59,0.08262384
ID_MQSOM1DQ39,0.10738156
ID_X4YE98QX8S,0.05212275
ID_ZIQ37WV5M3,0.28867292
ID_S9TI8X4PTA,0.35522613
ID_G6UVDVWXKD,0.13853024
ID_HXS59BTIQJ,0.060566794
ID_G9G9D4XRQY,0.28526536
ID_SX5HYNQI1X,0.0947172
ID_CL5781GD9A,0.29051653
ID_9GOUZAHCPX,0.23913506
ID_MYTWVLZQJR,0.35990345
ID_XM5GB03MZQ,0.9987864
ID_ULOUB2N4RM,0.19502316
ID_MFESZH4SIF,0.2652515
ID_VKEMGF61X4,0.3253718
ID_LSWQ74KFQB,0.32529056
ID_DUIWVJ5E06,0.2832876
ID_ZAY98LENH4,0.31009692
ID_65OHRHTXLP,0.33898506
ID_90UO575OL9,0.104213454
ID_VOIT9KEXSB,0.24318044
ID_DRGPG3MWPB,0.31116864
ID_3H5QMIRRSO,0.34337726
ID_QV5L1EBDPD,0.23485628
ID_OZYRG43HK9,0.42688313
ID_0BNG3J0VXS,0.2443442
ID_J3DFJYZW3P,0.38547266
ID_0YBTI6ASCM,0.20179057
ID_8X3HQV0IM6,0.32920924
ID_KV0RHILX88,0.4422809
ID_OL47GK5J38,0.43818903
ID_2TQRQIAUNZ,0.703794
ID_MAT8VVSRQM,0.10699793
ID_ZZ0CV81N0P,0.960696
ID_HN3Y8AKCG4,0.40255097
ID_D5OYHC770K,0.5280022
ID_U2CZF377VT,0.3544567
ID_VES6DA95V1,0.47677562
ID_3LA0P02GM2,0.4748531
ID_0A12BOSB4U,0.3222932
ID_K9IHKPIJE6,0.36589572
ID_VMQ3SWEBIU,0.24520113
ID_HBLCPVSF20,0.4517372
ID_NA5J9E7WDV,0.23080087
ID_WE242LSJT9,0.48576877
ID_4437M8N1K6,0.1418141
ID_HHOBX4YIV8,0.37622592
ID_9NQ3KYDWT4,0.34087536
ID_9MLN6TCD38,0.28515244
ID_FKL4CVPEKT,0.19250463
ID_ME3LJEJ3A7,0.7014901
ID_CJF4FZFK6A,0.30187738
ID_I3NQ9X85Q1,0.0893271
ID_8CBBF0Z0LM,0.22488903
ID_CI4NB89AUN,0.26176438
ID_LV7XJMA8X1,0.46729374
ID_RSSF3M05AK,0.2851255
ID_5M641T59VP,0.24834777
ID_E0KTTZ1XGE,0.25008407
ID_LNHE8R4Y75,0.122658856
ID_SVK2V2TEEX,0.016530572
ID_2ZRLAPOQY3,0.15891753
ID_R6VRL0KVRJ,0.29122627
ID_OQUCETR6SW,0.42944804
ID_QZ230SE5KT,0.22396517
ID_4I9B6LHMOD,0.18437262
ID_Q6IPP7HPFF,0.18331175
ID_KB1P13ACMX,0.26261824
ID_Q6WH1LKTCJ,0.027783036
ID_T6L0P3MWNL,0.38302487
ID_GMSWYA8V6D,0.46457553
ID_RD1GH1F639,0.41077265
ID_KT5H6RGSXA,0.252858
ID_FP4L5DUI81,0.11019102
ID_XYGFA9DLGB,0.25664684
ID_RFYBL1DW6L,0.28765905
ID_J60KMWYP4G,0.3279194
ID_7Y5YK7WAIE,0.29124507
ID_J3T5D9L7Z8,0.02335412
ID_FW4RVB6GTB,0.37215167
ID_I8VXWL7X2I,0.4392751
ID_PKW6UZ63LU,0.0028476655
ID_R61MWA5CCB,0.18577851
ID_1BZ05VL149,0.36178258
ID_72QWQ0VXOH,0.23286937
ID_MWZVKEDK72,0.18800284
ID_CMFCNLGCSL,0.40018263
ID_M46F3EXEQ0,0.17070715
ID_VGZPTTFHYT,0.47448468
ID_Y6RMPM2SLV,0.528196
ID_SI3WPCCFG2,0.036515117
ID_Q0WQFBHVH9,0.23931873
ID_F1P4VD6T4G,0.19657065
ID_XP11C2HBRW,0.25806755
ID_Q5LYU871PG,0.05077672
ID_LADGA0AAL1,0.32172263
ID_8L9WPS9HYK,0.14345354
ID_F6AHEH493O,0.59611386
ID_O76XPQPBD0,0.32786474
ID_B24MWEDTPU,0.49248883
ID_HIZ3SFZAF9,0.17672326
ID_OJT0KNI73Q,0.38784844
ID_XZ00YCNRUW,0.17926277
ID_EERQ9PA70Z,0.3585662
ID_RTKMSGOTZW,0.6309209
ID_1FUPDXERG8,0.3032835
ID_F1B5NF53IZ,0.08823963
ID_OPLY0SROJF,0.08722028
ID_RNXIVSET3R,0.18942805
ID_P2S7ND8AFL,0.24848396
ID_XZARV0Y2NK,0.05560241
ID_L0H9IBOCP3,0.2916869
ID_1OMG04ICLJ,0.26912606
ID_G6BXB88N3V,0.21462472
ID_7JJH0QMN4M,0.43124893
ID_75ZFQVW98G,0.31391528
ID_8NDNIA9QJ7,0.03469677
ID_C2XJBO7EXH,0.07337353
ID_Z51BJ0MEX7,0.000473953
ID_NNF6E8M6CL,0.041437592
ID_D34A0BBH3A,0.22906473
ID_6241SZU9X2,0.29481182
ID_ZVLQ4XDJVH,0.20833322
ID_9U9Z3H6BPH,0.23285003
ID_QRI5BAFRQ8,0.24164635
ID_REBKHIY537,0.19690004
ID_JW6UHYQ0YG,0.47793126
ID_Z87F8LQIBI,0.24551786
ID_TV1LR4Z8N2,0.30353463
ID_YA1R4IMRY3,0.30208242
ID_DUM6FP0WQA,0.08599157
ID_2TI9XUGILN,0.25989124
ID_WGWRF2KGP7,0.17396979
ID_E0E2SF2YDQ,0.35395685
ID_SCR7KLJI9Y,0.32807282
ID_P9BKU1XEJP,0.38370904
ID_H0ZIV93GO0,0.46579543
ID_VR1755V3MF,0.33441585
ID_EZFG9G1XJC,0.3580088
ID_FFQZV4JPY9,0.4822378
ID_WKHJGL4OG7,0.097869165
ID_NS8JLVRSFF,0.4415386
ID_X9TGELTZW3,0.25040194
ID_P0QRMQ81GE,0.26721275
ID_DSG5Q5AOAQ,0.07427516
ID_TIG3Y04JZ7,0.02903071
ID_923KXGJZ4S,0.21030235
ID_PVTBT7XFG3,0.27827367
ID_ZUGJ3VO0BJ,0.29210496
ID_7XOBPOL2RI,0.2982588
ID_1DRVDXB7ZF,0.022039242
ID_LNZZDXDUES,0.23293068
ID_1YFILPCO9H,0.069834344
ID_9FBG1TRBOF,0.16092788
ID_4JFY3X4XN5,0.16128036
ID_SXR8XNX7M7,0.34712917
ID_1H2UDTIV0A,0.26008356
ID_1LRCS131BB,0.27858734
ID_UMOOQI61DT,0.3857449
ID_AE2YF3B10F,0.42462337
ID_9NBGELIY9M,0.045971103
ID_LS0EVUPER9,0.2416924
ID_4VGEAGEG4L,0.1759854
ID_9UVI32JDUN,0.2500663
ID_Q90TXOEXZI,0.08999388
ID_35JIN7FHX6,0.039276835
ID_QDK6ASUVXR,0.029425787
ID_1KLLXX5RRW,0.09521845
ID_3JYK3OT9GE,0.1549061
ID_5S70MXTBHS,0.21713746
ID_A3BK751O8Y,0.27764922
ID_3XHMMHTXOG,0.23617141
ID_UY13WC2XVA,0.20660046
ID_A3H18BT016,0.32660612
ID_UWAQ9YZGYA,0.6266569
ID_BEF95F4OOE,0.563944
ID_6S2L0DPAWK,0.42479095
ID_Z8UZD1GR13,0.28689516
ID_4CCFHRK27K,0.20455508
ID_8LEQ4DQ12B,0.26981843
ID_VER6UE0SJ4,0.056426227
ID_YX17GTXF7G,0.061923776
ID_421GBNART3,0.7705368
ID_01G51TC6MP,0.68220377
ID_S5Y47NH8W3,0.1441817
ID_5NSR8VN1YA,0.35493582
ID_Q0S3BM5TQ4,0.29351652
ID_R5PBV636F7,0.20429455
ID_ACXQDKXYK4,0.20377062
ID_N1WD4DQVF0,0.025300765
ID_9YLESE8V7V,0.26852748
ID_OAT7N8IWQQ,0.19871221
ID_NCL58D2HMK,4.7934177e-11
ID_CAMJEBCL8E,0.44935876
ID_YOR3GFK9O1,0.2931948
ID_AX0Q2QRAM8,0.1727224
ID_IVC6MC3GHV,0.32441273
ID_0Q8LEN119Z,0.16203308
ID_O52OHWAJL0,0.3812483
ID_CTY8BGYYAG,0.28720814
ID_MHUO3HIHES,0.090747006
ID_PHL7W67SHF,0.37424624
ID_1XCH999D2E,0.39242452
ID_R8BGSQSEN3,0.31005016
ID_SO05NUXMR8,0.30911827
ID_51E1QRSD3H,0.17494269
ID_1QSLHB1K0U,0.63390744
ID_IUCFJLWCSS,0.12118895
ID_30YKQ1D1TJ,0.079341225
ID_RC0JP4JVBM,0.27479675
ID_ZWOSREKABN,0.73076624
ID_R82VKO0VIH,0.31581792
ID_45P0SIZD7H,0.14433143
ID_WXMLX67430,0.572629
ID_6CRCLRRY3U,0.26571524
ID_SGXO34U0LJ,0.4130518
ID_GV45XBI77J,0.18000741
ID_7OGMP43AVD,0.14280973
ID_L6NUC8T3ON,0.330384
ID_IY3V77NR4V,0.14894764
ID_BBK142NCRI,0.28078255
ID_W6GJMWZBAH,0.24370135
ID_VTM9DKNOUF,0.18631962
ID_J2ZGUG3W6H,0.6167816
ID_VSUSTEW55O,0.21570872
ID_B3Q52UR5UD,0.45571288
ID_RKMMN27OPR,0.18164103
ID_J0ET7K8NCZ,0.57917273
ID_NZCKNY23TW,0.11290827
ID_CQQDFYIB4R,0.18542026
ID_E60NA5XZDH,0.1502269
ID_XOW3Y1EOVZ,0.22864738
ID_U74LEOL4S7,0.4121802
ID_UE3V51UQXE,0.3608266
ID_WZ75O3S26B,0.31282797
ID_LU9AZU904B,0.062863104
ID_X5MDU4IZ0D,0.23477507
ID_2AEZIPZMG8,0.34215486
ID_EX98DI5XXL,0.048262574
ID_M1RI7JHQ6K,0.18822761
ID_HPVV4RDEDY,0.26831466
ID_8BBZ08ZS88,0.19058742
ID_4TGWVGPDZK,0.36263636
ID_ZJ6R460TU9,0.28739402
ID_3WB6GED9UX,0.2616519
ID_D5YQRJEN9C,0.08574401
ID_1SJOJSMA7K,0.32204774
ID_TKPJN0J1BA,0.025020283
ID_A9YHQQT8F9,0.45803124
ID_KWWL53A12Y,0.13015105
ID_OOOIB6EEA0,0.3129213
ID_HG8Z9DXY2U,0.22813696
ID_H0M5OAHOTC,0.3580088
ID_M2OQ989FEV,0.25843
ID_YN2YM9FSM6,0.04170063
ID_IBCMO7AI3V,0.7493113
ID_91QTAS3OE9,0.26796108
ID_DD4CSX19C4,0.17189963
ID_L1FOFBJ6CA,0.3568533
ID_AWPWBLHY3X,0.5428524
ID_I18XR43W5R,0.3882142
ID_EYU0CSSMYE,0.3040628
ID_JA4JATXHM9,0.21880221
ID_EZR1ZALGY3,0.1533552
ID_HN3UGYLVDB,0.5788055
ID_ON18LL27KO,0.37981611
ID_JESM6IHXAI,0.02444671
ID_UGQOOGJQ33,0.36058176
ID_O5FU4KS7TR,0.39510566
ID_FFMBJ6U19D,0.07779435
ID_Q3F3IYVBH2,0.30253935
ID_EOMUH1X8N4,0.23658136
ID_P3XSRE0QFV,0.23905559
ID_64LC5O9U01,0.11622137
ID_P54J7Z45A8,0.31336915
ID_XYMLEYOLKD,0.36980766
ID_3CGD7W69KB,0.20115224
ID_91MA8PA7QZ,0.27454272
ID_5UH0ZUN2QK,0.13263074
ID_865RFSDN15,0.10617023
ID_R16IWAWHXH,0.5609907
ID_GJYZEIU588,0.20622239
ID_T5QILDQ6GG,0.39433882
ID_S3MOV4NHJF,0.30332866
ID_QT9EV0SMGF,0.36029726
ID_JIGNY6RE83,0.0549839
ID_BHMUFX4H4O,0.10589256
ID_G2CFE4HGUC,0.4265422
ID_5X3ZTANNHX,0.46666583
ID_H8G0FWJQMN,0.49582338
ID_WMI6RYWVGD,0.5446805
ID_AQTXS8FPG7,0.24983412
ID_UDBHJZ04ES,0.24834777
ID_8GHGE5TRPJ,0.15058511
ID_YBMNDJUX3M,0.10578187
ID_ZISKDYS4V5,0.027460147
ID_VBKJLS0T52,0.17159988
ID_NSE2ANN0W7,0.1407643
ID_EWLWYPW7K4,0.18877684
ID_Z4GVILMEQ6,0.4430742
ID_0QXOHA1IEW,0.27455375
ID_DHV14U1WXM,0.5770426
ID_JEDC9KYLS0,0.21920021
ID_36DZSVSOVU,0.121015415
ID_XU9QW4I50O,0.15134087
ID_3MO6LHCE0T,0.19740857
ID_8X8OPVSULN,0.021193981
ID_GUJG1RJ2KE,0.26087892
ID_XJT9YG73Z2,0.27454713
ID_2V5YIRDQ0D,0.37119368
ID_GI2WFW1XFX,0.21678391
ID_ABF6RJ5CJB,0.11679022
ID_XL8GBVMNTS,0.3294654
ID_WPAHZD7KQH,0.09393076
ID_4HT6Q837T5,0.12873879
ID_2GHD0FUUDW,0.41847697
ID_8FUHS043PH,0.42403835
ID_BF825VQ11M,0.27421495
ID_V9UOYE0FPY,0.043962706
ID_ESG1KIHE4S,0.04482855
ID_HNTIVDKIHB,0.5004958
ID_SB2ZYCV06Q,0.32526278
ID_22WY534IC4,0.13417011
ID_2EOFS7JDUW,0.58463436
ID_4SAU20W1H6,0.3274114
ID_A8PNYSQ3U1,0.5127396
ID_IWGP4RVN2W,0.45985666
ID_E27EXBT9DN,0.5177034
ID_DTM146SBSE,0.14834121
ID_4GRV10REZR,0.21901186
ID_KVKBY5FENQ,0.18132979
ID_0EPA9IIR1M,0.45193693
ID_FIKNABHA9P,0.294879
ID_B8JQ2IK0AE,0.44773751
ID_EY8VBXES1F,0.19660577
ID_7BILPUZ0EV,0.25863123
ID_9FHFJXT21H,0.3681723
ID_2R1GQVOCTN,0.10682548
ID_MMQPCH8FOM,0.026184391
ID_O5YFCXOALL,0.17543547
ID_SIVF7YPJ2M,0.24983412
ID_G5398632RC,0.17133391
ID_24IXAAO9VE,0.23923992
ID_11MMIQBFXR,0.18031134
ID_LT8YL81BPL,0.20878692
ID_Z6I8Y7KH06,0.2792114
ID_H6DQC1J2VS,0.26903275
ID_Z1HQC31TE8,0.531573
ID_Y19RHL32PY,0.51826096
ID_QOR4GVH12C,0.27113172
ID_DCK7KCBD9H,0.7421514
ID_KBMV8SSYBV,0.19198
ID_XHJUKJT8G2,0.42785248
ID_V9BS9HRTB1,0.14090347
ID_XVQX7XFOI1,0.57425475
ID_L71I7KFVJR,0.29582703
ID_W2ER4S0NPD,0.017806323
ID_TD1Z9LRIF9,0.51987237
ID_25WLCWGC7K,0.28920433
ID_F3UES0J8SI,0.27142566
ID_J74GT0WLJM,0.3281018
ID_2XERV5UETW,0.1514465
ID_J7U7LXMA47,0.41637924
ID_X9JNDDFW72,0.19057162
ID_1EOIVQEYMF,0.33516386
ID_291NPN8H7P,0.24071711
ID_MKYSC5KPPU,0.53393984
ID_RKHOC8R7E7,0.37293676
ID_QVOUUCPJR6,0.32232192
ID_PYV1I22054,0.23204327
ID_8XRAMFQPXF,0.23791869
ID_TXBEK3Z2JX,0.21555825
ID_Y3R85ZFQXU,0.41929418
ID_JM5MAGAXVT,0.5408882
ID_MSXAJRDQ3I,0.5439394
ID_XKXMS5RRSE,0.11472631
ID_8GUEO9RT2V,0.31790137
ID_LL2L0F2NHK,0.19152553
ID_YAMEPG8MQ0,0.37167
ID_RP2ZOK8KUW,0.032285642
ID_F4Z7AWX8ET,0.1574637
ID_CWDBKTMRR4,0.26362744
ID_5E82HJE2E9,0.4063432
ID_S8HTOLTEO6,0.01967777
ID_IACQ8H0MER,0.32319725
ID_342KGLL52R,0.20105371
ID_HHDSKT9BE5,0.019648869
ID_TAZZMJBDVX,0.21432424
ID_7MVIV4P6IA,0.39595625
ID_PADBFYKWUC,0.19274572
ID_TGK4IZR46C,0.34497842
ID_D8CDAIEPON,0.291521
ID_N0YYYIVLQY,0.24050182
ID_UHHWSMS1GI,0.044518124
ID_I27O9MV3KN,0.37090382
ID_46PHRUYXXF,0.27942303
ID_QMD4CQ5FBR,0.27840662
ID_4HLCK34TRZ,0.3244292
ID_WKFZ2T46Z6,0.025443628
ID_FU8TY2BVUO,0.02642851
ID_40FAJO6R1D,0.15579404
ID_FH6TEYJRO8,0.21680002
ID_OGWMHYICKY,0.20018439
ID_FIUT38H0YW,0.37346187
ID_BEEZRKWASI,0.2937263
ID_RVVUN10IXA,0.45843285
ID_CAUFSZHFSO,0.1988154
ID_5IRU0WMOQI,0.063737415
ID_ML19ATIR5N,0.2319601
ID_GULBVMXQUF,0.4085416
ID_ZIUGMDBL99,0.3085267
ID_OZW6Y6MOBT,0.2792974
ID_JZID6V6VGV,0.19289264
ID_2IR5TXN28N,0.10698732
ID_LFEMGUDE0I,0.3259791
ID_PSWB7F47YT,0.1327404
ID_D8GXSAF0WU,0.28086287
ID_UGGCVMA2FJ,0.3231506
ID_244WFYF2J7,0.20136747
ID_75FHCD8HM7,0.9576648
ID_LGRBJH4QXR,0.3476247
ID_XFQ1S2XNLK,0.34791067
ID_3WIU2J3X5L,0.066845894
ID_808PRIA4BH,0.27927187
ID_RTWWHBV9BH,0.47760996
ID_2MWRCT6594,0.03974777
ID_GD51SOBNR1,0.37823945
ID_DLCSW9SDHB,0.18556179
ID_Z357ARMVY5,0.3061036
ID_P8TTPLTT92,0.21229635
ID_X01BS8MMGH,0.42356104
ID_67OMYZJO6V,0.3960287
ID_IV9TH5RXXL,0.036954146
ID_BDZSCZB3Z1,0.19899951
ID_00SOVQUHXE,0.27176708
ID_XZ1W3VOL6B,0.4707404
ID_6XF1O1BAPK,0.10383021
ID_GFM0WKDXHC,0.2900247
ID_KS95OB04RY,0.62723565
ID_5CW8OOV2MW,0.11167707
ID_XBES1XVO7T,0.482175
ID_HT44SYHD8A,0.2658193
ID_C6IHX2WSCN,0.20666032
ID_FD2FBE3MEI,0.27402017
ID_LNQ92WXHS3,0.4595053
ID_M48V6IERHW,0.49531198
ID_6A8BP0M1KK,0.31896544
ID_JFDDIL4JWP,0.49742207
ID_MWSGVGZBXY,0.3575691
ID_DL52LEK1BQ,0.1540268
ID_UGSKPH9FHG,0.35233423
ID_5Z9RZLTBJH,0.3255936
ID_DDLBX24SGZ,0.16658361
ID_RC5RMOW480,0.24270675
ID_GZIXNMBWF8,0.29901862
ID_P5MDS6MEZL,0.0186749
ID_IMB3F3XVWC,0.2590764
ID_LPXJTND7R1,0.23030338
ID_YK86F35XBR,0.23524512
ID_HNAUWWVUB9,0.1907544
ID_VKZYCODZDA,0.023712952
ID_3D1XGJZMLL,0.18087517
ID_6HY8QUGGUU,0.23104331
ID_UBYE7V8YS5,0.2252318
ID_A6J1RX02G8,0.12031066
ID_CXETXZP94J,0.2063095
ID_M2DT7ZMRHC,0.221065
ID_QBTP1Z7AD6,0.22741905
ID_RZA7ORL5TB,0.9445058
ID_CHZSXQV1SU,0.20196846
ID_JWT0OUHDZV,0.12636742
ID_CBPQ4RI7K3,0.017214954
ID_6EI6XSEJMT,0.43606007
ID_G0TJ2X4IRN,0.10945845
ID_M2RH7LVYGY,0.4033605
ID_KCY2HVQZWC,0.2063095
ID_8YW0J462PH,0.27827412
ID_DZXCM3V3IG,0.15736
ID_AMAEHKQK83,0.043762982
ID_UGUNDMC1Q7,0.41077265
ID_63U6X6JXC7,0.1573828
ID_DBCDBQVUJ5,0.4256246
ID_O393QFRVHO,0.3944747
ID_6XFH2P94KU,0.5878959
ID_BEFEJQQISA,0.05737392
ID_I1SV3ZUTR7,0.53392583
ID_3YM55C2YY4,0.043932214
ID_X216B7K0D9,0.16974986
ID_5ZTF9AZAIV,0.29699203
ID_WKIZ5UL2F4,0.23981372
ID_WNC65SX884,0.3329203
ID_5JSWB71L6V,0.25960225
ID_A47Z97M5DP,0.18524642
ID_W4G60DRLJG,0.056243658
ID_2R9WCSVFXR,0.5716225
ID_ZGSUM154UM,0.08366668
ID_PAW2YL23OG,0.23396495
ID_Z72807CZBT,0.32591864
ID_GI7DMIW6W0,0.13736401
ID_VOQM2GW74W,0.42917874
ID_FDFC9EL7WG,0.14867918
ID_46DVBA5WVE,0.33820692
ID_T2TAO7ZG68,0.057979107
ID_Q6GBQASL7M,0.39017653
ID_GRNEZ7PLME,0.37996298
ID_ZYB5NFO2DX,0.27259126
ID_EN8U920XMS,0.1904796
ID_SFI8GJZ15R,0.12433743
ID_Q7EL5EL6O4,0.1428633
ID_5WDBD9MRA1,0.027296359
ID_Z58ZLTF5WH,0.34087536
ID_A3ILOQPJ31,0.47337556
ID_3UYNP4KL7C,0.8235991
ID_UYH13I0RY2,0.33102527
ID_VDV1K1OLX9,0.24527675
ID_JPL9H4GSSE,0.33849436
ID_04S5CRFBAQ,0.33832127
ID_KSQ7NB3459,0.29052892
ID_1UJKX8K0D6,0.047123052
ID_R9W4RF6MPA,0.19815783
ID_EQIXTQHANM,0.13469622
ID_S7S0H12249,0.4142785
ID_GQS1OFYWC8,0.23198275
ID_5L84YF0ZG4,0.42304444
ID_D0RLJIYQ5H,0.20842509
ID_TT4RT1JQB6,0.17279553
ID_WCOKBAGPTW,0.46620807
ID_37EMDBSNQ9,0.3041666
ID_KPUJ05SAYN,0.18042204
ID_5O7ENLZ9CS,0.6903935
ID_4MGE4DW4V8,0.19045796
ID_NMY1VUJ0H0,0.24500448
ID_5XAZ50KAX4,0.2794376
ID_C2ZCQ5YFQP,0.16883872
ID_WNCC0NVLWL,0.25928423
ID_MORIGJVCEI,0.55938613
ID_BCQJHJ5U4K,0.19972779
ID_BY32BWC1H0,0.33931312
ID_F69769GCYR,0.27585906
ID_FOTY4VG902,0.10697694
ID_HUZ072K61T,0.4605468
ID_2MGDVKK0FM,0.40071532
ID_4NUQA5TBET,0.58564675
ID_L5K858K6BS,0.18944782
ID_8L8M8BVKPN,0.82920384
ID_20SZYM3V6N,0.23942615
ID_M2VYWOLU71,0.33152103
ID_NCEBR9JBDZ,0.20067926
ID_D8YESZUE3Z,0.20948087
ID_RPCV0B83CC,0.3831462
ID_8KQJRGHHCH,0.23161468
ID_GXC0WCQ937,0.027034698
ID_9M4M2BP20A,0.2245284
ID_I9O1E30KN2,0.45810625
ID_75SGGBM9T0,0.19017223
ID_UKB67I0SYG,0.2610939
ID_SB4UIIA8ZE,0.22519615
ID_S4UFD7UN43,0.27867272
ID_J2ZBZIO0RW,0.24577664
ID_8XSIVFJOUE,0.1605176
ID_A07S95GUTK,0.270587
ID_75M6PKSZCT,0.51240695
ID_4FBPDC41WL,0.11041869
ID_AJRCLJD8BU,0.35770327
ID_3P6PV0A2IF,0.4019557
ID_83O780LWKT,0.24700582
ID_BBNB7SXFCA,0.12704079
ID_69A9O0VQAQ,0.2546474
ID_JY1ASYR7JG,0.017780682
ID_UDQ2POMNWY,0.11041869
ID_9PEWXSEYGP,0.3051767
ID_JPYRRTSJRF,0.34896508
ID_E4YRUH75H5,0.44595468
ID_6NTMY567U1,0.07082819
ID_QKLIMU5ADQ,0.26808608
ID_VSIXWLSZP9,0.40802795
ID_PFKMX99KGH,0.046774473
ID_FY1QHG2M7W,0.30895856
ID_K8LO5FXWU2,0.13338932
ID_QJHX1CEN42,0.28012127
ID_U7OBOLZGG8,0.13714147
ID_JTI10KW4MD,0.45710945
ID_R462YZ7TGA,0.15142192
ID_33UO0SGS8H,0.22466455
ID_BGB0A5LY7F,0.45255676
ID_ECHX2U8NNM,0.13432784
ID_70I2MZH4KO,0.33417997
ID_K5LY22EZBL,0.1533818
ID_J61ZPA52ZH,0.034123074
ID_120L7LWZ3Z,0.24309926
ID_7361W1C69T,0.5628816
ID_ONUTFRZZS1,0.2538827
ID_49X12TK7PV,0.2535671
ID_QFWRNC6XKP,0.10245646
ID_Q1DK4T3BIC,0.24247451
ID_G2EYFK8CRS,0.45571288
ID_GFO566KX57,0.30527592
ID_MXFKGKXWEV,0.19543888
ID_HD3UG6DE7X,0.2230727
ID_SIAJWYEI1K,0.42416793
ID_FG4XJAG028,0.41246867
ID_U1ZP6LT82U,0.21871977
ID_XNW2UDMSLW,0.49382207
ID_VCFBRPH86I,0.16949293
ID_PTRPJOTXGQ,0.27943432
ID_A7WQ6XEJI7,0.337403
ID_1QVV9QONB2,0.21933006
ID_4AMITNSXOQ,0.41154054
ID_NZDPWD71VP,0.8502733
ID_503B65UHWK,0.23810336
ID_MKRYVHHT5K,0.24766779
ID_NYJ8FHLO6B,0.3636304
ID_5RVA4XIJ1C,0.48313078
ID_0HIXQTTPL9,0.28657067
ID_92ML39K31Q,0.42373914
ID_RM68KLL311,0.3417357
ID_NUQLMGOIHI,0.066772014
ID_JCCNOPGC77,0.26182547
ID_ZL15W1YOX1,0.2841047
ID_5LJJPCTDNG,0.027979756
ID_B4KSSNUPNS,0.14316015
ID_TKQTBYVK2B,0.044649784
ID_VRKH26O6Z3,0.45428857
ID_0K5QLBGM71,0.39011675
ID_8TF9V9MRHW,0.9085419
ID_N1U8UDXZOM,0.36638096
ID_IL1NUNKITZ,0.37606415
ID_K4H4WIZPC6,0.4142785
ID_3R0VIMG52A,0.34159824
ID_6ICZRF2804,0.022524996
ID_Y6D56AV7WV,0.29731148
ID_9L0UOGOKS4,0.35522613
ID_5ZTU5C0WO1,0.27441314
ID_D7PSEMI4EP,0.12978478
ID_6XRU5QD5VU,0.74871624
ID_O2JN2S97OG,0.3999386
ID_SVC31AXP01,0.44643903
ID_34RPKS0CLK,0.69627094
ID_T855N6KEZ0,0.8313974
ID_E45MUL9G70,0.021794394
ID_0A0OKCIPL0,0.17941695
ID_4V2WJ9X713,0.20077597
ID_T5IGAPREOV,0.50161505
ID_WMBLLOZ2XF,0.25215676
ID_EAQEJPWXM7,0.17690644
ID_8SEWYMS1BY,0.3534752
ID_EPBHY3YFBS,0.24822852
ID_W2T4WR6IX0,0.41684422
ID_2X6VFFCYEJ,0.18402983
ID_CX1IR2K6GP,0.017171677
ID_HXCLU05U4K,0.20904818
ID_GCH58GGNWD,0.19415368
ID_IBASP1C7ED,0.03242203
ID_4Y9UFLKY2M,0.41313916
ID_ZQVX95BT7D,0.25023258
ID_BNXGBEJG1Y,0.31023386
ID_OSMWLE85WM,0.35969904
ID_7U4KC8TV2F,0.50718224
ID_32AAU0M2PD,0.4316751
ID_5CEH60622L,0.2627042
ID_MUBK20K7KJ,0.26336122
ID_ARHOSFRHIP,0.053123057
ID_O3S0PAP4G7,0.42588896
ID_GU4D63XGN3,0.09255893
ID_WJNFBY89FQ,0.2703688
ID_QTQPD9G409,0.41896278
ID_GTWLOAZGWS,0.23686256
ID_9VPAJ85SN3,0.21483804
ID_XFI79CV8AR,0.10275304
ID_YB87W3JHQC,0.24711381
ID_NDP9Y3A0YO,0.0344071
ID_B1CCSAWKP6,0.40490082
ID_AC6ZF75V9L,0.438249
ID_VNRDLUT6SO,0.3892242
ID_VOVRVPZD4T,0.08952893
ID_ZT5USJGGW9,0.43936676
ID_KLGRBJVK18,0.22007513
ID_MORMMLLYU1,0.27788043
ID_C7FKPKP8PF,0.24651627
ID_CJ2IX58NB8,0.6940057
ID_DBMO3UXSIY,0.31542206
ID_F0139KMZJM,0.17084976
ID_U0UMW6Y1TO,0.044202078
ID_HVVX7TVKG9,0.1936801
ID_U6N1L9IU57,0.4156083
ID_O10GFBPTLR,0.026803264
ID_Z4NO02JJQ6,0.06277367
ID_3PT8EU9NNO,0.00079756434
ID_5EWFTMNDVP,0.09078035
ID_4W5EI3KUGF,0.2581303
ID_3NTWZMJZM2,0.31297168
ID_H3SCNEJ9PK,0.3958001
ID_IZDND8KOQ2,0.9517439
ID_BN5ILCEDVP,0.7937938
ID_JGD2KYSUKH,0.13248828
ID_2ADRCVRTRV,0.32863247
ID_EWB8PXAY8P,0.45427778
ID_JL8YJ8FDTK,0.15350309
ID_KJ8HM2S65G,0.10322681
ID_9DA0PBZR16,0.32591864
ID_Q8JQVQFVV3,0.2683312
ID_KP414U798R,0.30927086
ID_8CIBYAC6HJ,0.26242355
ID_ZUQUIVMWC4,0.12831432
ID_8UT6EM0A0K,0.42073277
ID_23Y6Y42YEV,0.28777155
ID_9KDZB2VNU0,0.5050326
ID_5LLB5HHBZQ,0.14849037
ID_GNET2TX07N,0.12568687
ID_OC1F6JH4EU,0.14926375
ID_XP47G7UILA,0.08304464
ID_3RDDC008SU,0.23641555
ID_G76PHAAX27,0.24491726
ID_W13JVY7O8B,0.33262378
ID_7L6PABINLV,0.22393176
ID_780OJ6BG7H,0.12760623
ID_ODC3TSJ45O,0.12155736
ID_DVJNV8V2Y0,0.5644389
ID_OOZBWVPYUR,0.1855455
ID_VR3N3K22EP,0.03250908
ID_SH8DSR9VPE,0.2680201
ID_2OGCS79ZO3,0.2290495
ID_6SLMNUR2T2,0.42761722
ID_VKT4T44OJJ,0.37877575
ID_SMD5OOF3NL,0.29274097
ID_EJ9R14DGKJ,0.11003786
ID_YDJB87N2LA,0.13702072
ID_U74HVOFXKH,0.090054266
ID_N15T5SD013,0.2834267
ID_N28ZDA1CXI,0.21321055
ID_XZ96MXMH0R,0.08045697
ID_0JWMAJXR6M,0.35726568
ID_PH7RNZIK48,0.047296897
ID_YW5XVYMRW4,0.07432032
ID_YD9I1IWRWM,0.1876264
ID_TGKDB57VTA,0.02352062
ID_QJAMRPJN1B,0.08035003
ID_BGRLETMUTH,0.3803278
ID_4UOIM0H7DE,0.30026037
ID_TFIPIMBPXE,0.40615445
ID_HREH3RONU4,0.17253831
ID_QHB3DT685L,0.07752267
ID_55LCW2APSF,0.2770631
ID_NYBHL406WZ,0.2809076
ID_CFF9IUXY4F,0.12385757
ID_RQQ6YJPQ32,0.6303016
ID_6XIGF20M6U,0.33560196
ID_WN8DOSHXLS,0.37197155
ID_YFPKIHG4QQ,0.14733565
ID_ZGVG7KDZDG,0.19730873
ID_FFRAAR8ONF,0.24320927
ID_QNL3RVKAQT,0.36281294
ID_PEO0N5MEZU,0.50085425
ID_BSKZAECKAA,0.35629943
ID_W8JE7JX28S,0.38810557
ID_X0Q8QCG9DT,0.09477751
ID_VK6TRFANRL,0.39825282
ID_IOKHIK7HUL,0.35854763
ID_NUASSG9DM7,0.42286468
ID_I0936HQT4U,0.34759042
ID_0JTEMKTLNP,0.5058416
ID_DW9AQNL716,0.27581972
ID_ZY4BW9Z9KF,0.21421276
ID_F4PX6IUWTZ,0.20945817
ID_86D5DDWZHN,0.48171297
ID_V37XYET2AL,0.21576639
ID_UKGEEJBKRJ,0.07941852
ID_8VKO2R7U31,0.28275898
ID_LAQ3V8YTAC,0.11797674
ID_AFIQKCTK36,0.26883796
ID_Q41P3DUMLU,0.13262078
ID_GQWI5XZH26,0.5291582
ID_IIVJWL04IO,0.25481713
ID_9VKUSAFQ6Q,0.23479477
ID_US9UJGEZ8J,0.052744977
ID_40M0UPAOOU,0.21697372
ID_QKIPOKJNE0,0.33209327
ID_D8Z1NXPYAX,0.35787088
ID_D5YB5VPG4O,0.19562227
ID_Y9D8MFV6B9,0.38607106
ID_VV15GRP52T,0.237266
ID_4LL9AR8UZ5,0.36983636
ID_E0CQ1GI285,0.1547096
ID_24SFG7WMKP,0.20109783
ID_1QI26084VW,0.10325675
ID_B29CZDYPD2,0.2832876
ID_CQ24REB71Q,0.21713746
ID_1VNW73A0DK,0.18098237
ID_6E80V6HRHZ,0.29269347
ID_O2157KMQMJ,0.37388828
ID_0W0U2QC4NN,0.24187522
ID_9HTRU3EFM3,0.311926
ID_X9NM85BKIW,0.30491248
ID_SKE1WR3YQ2,0.24733096
ID_81SUBOT8EF,0.11797674
ID_JKFM3NZCQG,0.46776068
ID_4LV1U3E4UK,0.115336
ID_BP1D0LRKLO,0.40986174
ID_X0W6A6NXJU,0.03001609
ID_MGXB07YUNN,0.43394992
ID_VC9XR1W9Q5,0.54308575
ID_94S2175H0P,0.4144019
ID_7YE5NOFKZN,0.19318278
ID_MIT4UA8TR6,0.4026625
ID_4U01258E8S,0.30490485
ID_V5T8MLLJZ7,0.49651322
ID_GCEB57K0MW,0.2894766
ID_3UM3TJ7HR0,0.35374138
ID_D1TP6QYNFZ,0.2667431
ID_MP96IAJIWP,0.2203955
ID_RK77VA3VRW,0.021735935
ID_Y6S3UTRYQH,0.14006247
ID_JB33LET2LV,0.42218655
ID_J5WI6IZSZ1,0.39559436
ID_GUAOE8DVO8,0.13961509
ID_3R3YYXVMYV,0.5073701
ID_YCN1PYTAHG,0.14597194
ID_SL474U6HDE,0.032539852
ID_EAB2NBZSPK,0.0051244493
ID_9QJNRQW087,0.22032456
ID_1BDXTIC40D,3.1762213e-09
ID_9D1LEU1YRM,0.109755896
ID_V1NMQXL5YP,0.03077632
ID_L9PFMCMUO5,0.10484573
ID_EM8UUE8LHD,0.13961652
ID_R3OPZ9NG99,0.413269
ID_Y6IFZF0R22,0.31457233
ID_Q8R79KHO1S,0.307551
ID_NZ7GWOCLL9,0.02975478
ID_8NHQVBEU6Q,0.27307922
ID_C65SAG6G90,0.29389277
ID_OOGDGO8RMJ,0.16976605
ID_X1Y0CIML1D,0.05063927
ID_QM5VTL94SO,0.31327793
ID_0AZU83T6QA,0.4973227
ID_U2DRZXMO5K,0.083885804
ID_W3Y1X0FUCM,0.1146067
ID_AXL3J49NEG,0.19815782
ID_9ZYOUDWDOK,0.006737511
ID_AGMD3NCHIX,0.27509698
ID_3L1ZY3VWSL,0.2926894
ID_13AVUP8G4V,0.38182208
ID_H841PS2BC8,0.2299963
ID_2DE75LFLJY,0.21620105
ID_9ISA9DQSVU,0.15952912
ID_C651P8TEYP,0.19522977
ID_821XIPSMZA,0.26721275
ID_SGD31MOE71,0.25712153
ID_12BNG4AHBW,0.5140494
ID_F8L01TV5U0,0.3212346
ID_L4WETTYIM2,0.14807193
ID_UKCA7SD5G9,0.34006608
ID_KG7UE40JAN,0.226531
ID_04PP3HC3HF,0.074996226
ID_0ULHARBBGA,0.08215843
ID_GR58Z7UAZ8,0.2144705
ID_9PE6OXSECV,0.19987164
ID_V6NI99A9TP,0.22377445
ID_MZ4TJDM965,0.3291039
ID_W9WOC1J1P1,0.20699963
ID_49TH0V8W9R,0.34112313
ID_U479OBQVN7,0.14985907
ID_G0W7LD80DB,0.23723988
ID_0OT2UUXHXT,0.41916436
ID_25VPIE2DGW,0.37510002
ID_W6J306UONE,0.19941257
ID_3VLSXU8LAM,0.2037424
ID_97VXJ6I945,0.9051603
ID_B91BCPRWRL,0.3409853
ID_NECCDZP1GV,0.31095237
ID_G9G3GF6EJI,0.17725131
ID_389G9377BO,0.07731897
ID_3QLYOK6FF2,0.27055433
ID_4X692RTBW5,0.21675362
ID_C1TLATD7RG,0.089336246
ID_VM7I5UPB7H,0.3219643
ID_Y9D5VI6VSO,0.28420365
ID_U4XZ7V8OXR,0.3429361
ID_YKASIF4226,0.30422643
ID_9J6EVKLHIZ,0.044305395
ID_DGPQ7O0LS4,0.17409961
ID_M2W0G2NVN6,0.02442393
ID_HCOXF1H4X5,0.2391673
ID_EG0X6LEGVY,0.19816141
ID_O9PWOGYAHH,0.25118276
ID_A4FU30F7G6,0.13029394
ID_L6TO231Z9E,0.2840222
ID_RRHJBG5VY1,0.43521369
ID_MMAC2WOED2,0.08366668
ID_4ERZD3AVQG,0.18529524
ID_NDNY8OEFU1,0.31957424
ID_5G7P1FDOFV,0.14527076
ID_GQJKXUVHZO,0.69352984
ID_2UPS08PGK7,0.11966158
ID_4JER8YUC2F,0.20564605
ID_P2G4YOBEOU,0.3536412
ID_Q5KL4B1DKR,0.183495
ID_VV97VWL5A7,0.27520174
ID_6QB69IJP9F,0.4265422
ID_0CF7C7T36C,0.41385907
ID_Q52UP5B9B8,0.52737105
ID_8K2RN3LXKJ,0.21588916
ID_K5Y92AR4IJ,0.32275417
ID_IH34NS8792,0.303875
ID_NGLREKSJV4,0.07440679
ID_KO9BYGQBQK,0.29661894
ID_39NW95NB33,0.109991685
ID_A1TQNC9UAL,0.1424611
ID_9LWE9AUPY2,0.6459923
ID_0PAP8C0E6J,0.2753863
ID_V0A6ADD25H,0.3691834
ID_YU053U3K1O,0.34846815
ID_75OMZ594AX,0.24627112
ID_RUDKF2GH76,0.54965377
ID_VKQ18RTO89,0.24272567
ID_PZA9A5EMA9,0.18840511
ID_F7WFMPCEMU,0.24660932
ID_IF4M9X71K4,0.089429475
ID_7SMPS8N7ZD,0.3144484
ID_94CPFXUN02,0.11892066
ID_ST2POTEHGP,0.26075062
ID_SVO8SQJ5NP,0.61595654
ID_X7C19S30HC,0.29373634
ID_TA0LFUXVXW,0.114121385
ID_5EDLW7MI9J,0.54263276
ID_YHZPEIKMUD,0.32363522
ID_UUT4LMKWVO,0.39502838
ID_HRJ9GAJVMW,0.01866523
ID_KWN1PLWY5C,0.31397164
ID_YTETZHLR60,0.20064558
ID_4D83KMOSTZ,0.25302204
ID_MWPSZNAY1N,0.20598027
ID_AJNMN2W6G3,0.2448906
ID_6D0SYGF1N4,0.011818287
ID_RAL8CBN3EP,0.27858838
ID_R7LSS5025R,0.11134421
ID_FE4D6R68CX,0.16713934
ID_VJVFLR6FN3,0.3441038
ID_9H9I6P6A24,0.14997488
ID_BRYQOZ9YRG,0.4508829
ID_GCRIZ6067O,0.18962452
ID_FSVYAOMLMX,0.22120176
ID_PD3YMEQDQ0,0.27138793
ID_893TXOBLEL,0.36835915
ID_M0UBXIGAUD,0.14783148
ID_8ST73LCL5H,0.112572014
ID_HPDZJHKYA7,0.18099086
ID_F6ZCX5NWQO,0.25485468
ID_KF26XIYWLK,0.3013828
ID_6M5HOY3ZHP,0.01849671
ID_C7B8EAPMGB,0.096792735
ID_EZ0IEQBJX6,0.29550833
ID_QCY8C97L0B,0.19588298
ID_4HHRRQD11C,0.10313526
ID_KZZLOGFJ8S,0.2316023
ID_BYHY1634F9,0.29578945
ID_1ZTE5IMBG1,0.2331147
ID_3C2RUWAYYI,1.474177e-07
ID_9KGBP4US9W,0.21507451
ID_A1OJOIYQP3,0.13006255
ID_9UWHTOKQHU,0.260049
ID_C6E6HPIYUD,0.07393902
ID_YLA6BSYW81,0.017094072
ID_WVQ7YHIZQG,0.29859725
ID_UD5F6A3X2U,0.27854198
ID_6TS9AEJUL0,0.2214214
ID_4D87RS0BDO,0.31341177
ID_BV902JEVKI,0.309715
ID_392DS8L8E9,0.35321963
ID_MEPFFCOTUT,0.2231407
ID_2R4TJ407G8,0.40589678
ID_7MSWM1URQ8,0.6036531
ID_PAKDIFL6M5,0.24880873
ID_NPFSK395IZ,0.16180417
ID_X4NX2EG2V6,0.34848887
ID_8K5UYBX2RW,0.28750253
ID_4CFAUUKAVN,0.5650163
ID_OM1Z9EO9XD,0.30987605
ID_HJYI99MHNR,0.35783803
ID_RTUE37X7RN,0.31897846
ID_7NDEL49RSF,0.4983864
ID_JADH43ESMI,0.40666822
ID_JB5Q3GDLOS,0.3743043
ID_BLT9A0CE5U,0.2062783
ID_NM0XGTJ6S4,0.7002076
ID_UZQBAQYPHV,0.5173685
ID_DYOKOW3IZ5,0.13073316
ID_VKOWSBO5DB,0.015720965
ID_O1SPKD6FB1,0.14090347
ID_R3DEJ4OSWG,0.5672983
ID_7188X37TT5,0.5437823
ID_G9GR8BFH22,0.51119137
ID_XRIYJJCMLL,0.14426427
ID_PKHVX9XLI1,0.2677457
ID_6H4RQR01KO,0.3225929
ID_XVY35K2XC0,0.14637086
ID_UVK881DNEQ,0.20867623
ID_C8HO4HPMTS,0.5016868
ID_43WMK4XFGL,0.12568688
ID_V01U42Z42U,0.5012857
ID_MVRPC3A64M,0.20445094
ID_V41YE4R8RE,0.096499085
ID_UZX9AKGY86,0.3986332
ID_3VAPMYV2TL,0.40678418
ID_S7BPZUQ3R1,0.3137338
ID_Z77FPABCMF,0.039621077
ID_35E3JIK9Y3,0.50754637
ID_W1Y2G7XS3O,0.23792146
ID_7877VX36EJ,0.26383612
ID_JWBO7HU0K3,0.22862479
ID_8L3YTP95AN,0.099741
ID_WRIEOZ620Z,0.39142776
ID_BE0EWFWNWU,0.20527828
ID_5RFBXWPCZI,0.20746782
ID_7W6PQINYCY,0.4524707
ID_30D87747O5,0.24438088
ID_R6757L1EOL,0.35590032
ID_0VLBHWIOJE,0.0065655173
ID_4QL6ML09RF,0.28372404
ID_O18JJAORUN,0.25571978
ID_V6IKI9USVO,0.52144116
ID_IZ4OUWSD94,0.10200678
ID_0LSMYFH0A5,0.56772554
ID_GXNMZK6NP1,0.14045157
ID_4Z9W8NWISB,0.135731
ID_F69GL8QSTJ,0.1625932
ID_KSYVOE2PFY,0.007312775
ID_RKV1AXTHAI,0.48113552
ID_LF2I1T4HEA,0.40315875
ID_UO6PIJONF5,0.13417011
ID_OTUR0F47K3,0.33039162
ID_5M2IWF1NP5,0.45348838
ID_YZPSRQ1M95,0.014527044
ID_8WOF2X23LJ,0.11061922
ID_LC0OZKA86O,0.9456554
ID_0GL42GVIBW,0.41963652
ID_7SI02LT9LG,0.69175875
ID_VB28ZSEWOX,0.15527627
ID_GFEUOWCKS9,0.32034484
ID_YPY8VKTP2T,0.1466441
ID_8R1FUQR5DL,0.1875235
ID_SI0X6TKDAZ,0.26926097
ID_4YX0GQ21PQ,0.38649023
ID_4XCZK9Y9ML,0.31898302
ID_UETVA4X9M3,0.026060814
ID_VY4UEC05L3,0.03148607
ID_T9OY32386O,0.22429797
ID_B5YUKV42F4,0.098347574
ID_Q7RFWEWPXB,0.29955772
ID_YB29M04UXH,0.2056091
ID_NQXG1TGQA3,0.24101333
ID_APP3EL3DUX,0.05714606
ID_H7VQOVHRPM,0.19552052
ID_DKLXSJ617R,0.36472878
ID_SVSDCF9Z3G,0.31462333
ID_4TQW4S60K1,0.24690895
ID_1Z85YKLCUR,0.38334146
ID_ZJ7TRC8PTV,0.065686956
ID_4FGTYZ859U,0.32229945
ID_MX3OZSJLU5,0.08924533
ID_RK5TV14DPZ,0.058079872
ID_KK3ATYSJSU,0.17256182
ID_Z9NY5LW5J5,0.50430304
ID_4EJMRVHJ6N,0.16666168
ID_1EPXRUUPD8,0.4417141
ID_40GQHR747B,0.4359719
ID_KLOPDE5ZDJ,0.14622839
ID_LS728OXXNA,0.26591292
ID_HR1QZ99VVL,0.01461714
ID_6HTADDNH5G,0.35146987
ID_HUWSTRP0SV,0.25424403
ID_CRWHM85EA4,0.1065465
ID_4LX4QW8TMD,0.57490474
ID_BUI0T49LHL,0.79326427
ID_9O7E6UUJ02,0.09749356
ID_7QT3ISMNB6,0.24371399
ID_3EAIY3KM1A,0.513077
ID_ZDW8FOIVZG,0.2925044
ID_KK54P2B6NX,0.46114427
ID_68RHHJ38Y4,0.21644965
ID_1B0YY0SARD,0.28006715
ID_57BDMUJUQM,0.16410135
ID_YLFLRFY4XI,0.41807958
ID_4RS2IJHY0Z,0.21959327
ID_HSSP8JYZJ9,0.07826396
ID_UINB4CGFB1,0.1940344
ID_R3HKWQSGQK,0.19892597
ID_5LG1MO2AGI,0.2798725
ID_9SZTG2JIO7,0.0010343217
ID_QO88LH7CQ4,0.038720183
ID_INVCWDJAIW,0.20635562
ID_EZWBHYRU0Q,0.020768212
ID_X37B9TGJFS,0.22367175
ID_QQLNCV65P6,0.4907589
ID_6PZUXESKAB,0.08798738
ID_RBAIK7J8YJ,0.3386238
ID_MYAJCN08JW,0.3618163
ID_QTN4HPJNHS,0.34032854
ID_JG35M96SAR,0.1941586
ID_FCQSE37FUG,0.43269002
ID_XDNRLLPSLT,0.3732194
ID_RNLYWX687Z,0.36709067
ID_XYYL6F6NPC,0.6938689
ID_IPY6ZZBWTY,0.16396022
ID_2OAOEEFKOM,0.34769183
ID_YCDY7JHOTC,0.20149551
ID_H7YJT78BLR,0.390192
ID_EXX6ZW0FIX,0.23552555
ID_B3VZE9GIJD,0.15214168
ID_TOG4MMFPON,0.40715027
ID_CL0EI2DELB,0.04996875
ID_CDZG042S4L,0.124621116
ID_YKM338Q6HM,0.41124913
ID_6FIN6LNRYM,0.17131671
ID_0FYN1DJS6H,0.027425794
ID_23M58JCI4X,0.020756114
ID_X1YY57M3AY,0.30402607
ID_KJ2D1VSMFQ,0.56464
ID_MJ8VVYI2AR,0.08830595
ID_LMHXHFKUN3,0.087561324
ID_VV2EDDLMO1,0.26535496
ID_ZRCWE3PCFA,0.21772516
ID_TIN43DYOUR,0.18232545
ID_JEUMZG7FF2,0.033517353
ID_MO3JAJ0J9D,0.04972532
ID_437WXIX059,0.5539248
ID_9JFVLOG242,0.3296846
ID_5E9UWH1P1V,0.3415302
ID_NMRXLCZ6GA,0.19139831
ID_HOXC30A74M,0.43123427
ID_VT5SH34X8O,0.40685534
ID_OYXGRERPQU,0.22033979
ID_G02R019D9G,0.73886585
ID_HLI1QFZC0G,0.2470082
ID_FUWDBBQNJV,0.12068812
ID_B10E3NBJ0J,0.46293238
ID_6TMD99K1BW,0.9323853
ID_6N8R3CPVSQ,0.62323326
ID_7FS4PRJ9H4,0.3313523
ID_XX642XQ7RX,0.21588181
ID_1YM0I0UHFY,0.29858539
ID_IXK9IXLY20,0.32168368
ID_PMWR21523F,0.80370504
ID_082B0ZXLZT,0.57248664
ID_PQKV67LZZF,0.21198377
ID_WHIP8XZHP3,0.14833038
ID_89KVK25QC8,0.15096359
ID_FPNM68DN77,0.4092782
ID_XEAA858JZC,0.024181616
ID_VCW672BDX6,0.22798966
ID_8RM5H0X6I2,0.30283707
ID_SJN1F809ZB,0.19828409
ID_JCOOR4ISOD,0.32746392
ID_6R6N5GN6EJ,0.3041082
ID_4LQAEIB72H,0.35702527
ID_H1RNYRA50Z,0.31729743
ID_3QXNLFLXJD,0.13925736
ID_I4CXH1AZTZ,0.070021346
ID_WVHQVYF6UC,0.4097458
ID_1BU7TM3DUW,0.20562735
ID_7IISRDYH6T,0.44643903
ID_FT3MQD75KG,0.061046943
ID_V5KEUHCA5E,0.53660274
ID_21JTBFH36V,0.2384635
ID_SPG7J1V81H,0.07046065
ID_6EGJ5VCDAX,0.3396844
ID_DOKO8SXLY5,0.18940443
ID_UFED4U64UJ,0.21928881
ID_CDD4ZWU511,0.37052655
ID_RRPOITOUX5,0.48979682
ID_HOAPR25NMI,0.059513677
ID_V1LUBZL49W,0.24261174
ID_0TVW357UMS,0.016786356
ID_VGI966OKZW,0.24778755
ID_GUKC9ZXBHY,0.23913506
ID_P3ELFR8UVW,0.2355412
ID_6EO6G74ZNE,0.32911593
ID_AQF7K0435M,0.22630684
ID_1MCDDX7BYA,0.017192703
ID_GERMX26DXZ,0.13972619
ID_2IZFGX7XLK,0.33118835
ID_BQVJL3YQ6O,0.096753076
ID_5UWWXJ68BI,0.36682147
ID_F5NNK2UYUZ,0.42030686
ID_FNVWGQ7HA1,0.12633863
ID_OCPNN5GCPE,0.2640353
ID_QP6FHWY9Z7,0.31522763
ID_YPAGI7WX2S,0.28803277
ID_VRCF9JNPU2,0.2091888
ID_8LLK6K5Y9Y,0.2898286
ID_05BCVMXBNE,0.36093822
ID_UII518NVN8,0.18991618
ID_CEWD6GLLFH,0.56888294
ID_E8NASAQJ2Q,0.14350264
ID_Y4PJZ2CXD1,0.2262897
ID_IQHM3AUY74,0.37116948
ID_0G8AEAUMK5,0.18932633
ID_VZ61MQAHCN,0.22538644
ID_82JRS3AR9N,0.26924768
ID_YXNUTEFIM0,0.22536688
ID_JO893P1ZS2,0.33941096
ID_6495GVPM4F,0.5285727
ID_3JRH6PKT3Z,0.19981697
ID_R8X8Z5SZ9W,0.15053575
ID_VICPF57WD3,0.27779266
ID_V1NVD8TR03,0.26214707
ID_OC921V8P5V,0.27990887
ID_YG76JGS0K0,0.28615984
ID_J7J47UN8HR,0.45480928
ID_F8UO0FGGQH,0.04390716
ID_L5UDMNDIDC,0.15515809
ID_KSXRH9CVHB,0.2150919
ID_GB8GXBMPOM,0.36682022
ID_XAQSB4BH8Y,0.21022522
ID_39LHBO47BW,0.108058415
ID_F3U97AXGRA,0.29334638
ID_A2ZFGAS2ML,0.14880763
ID_C08SZHAIVM,0.14664307
ID_VQEDM0KFTI,0.45255676
ID_2MXB4XPMR8,0.47028476
ID_3H57ONHRXB,0.27593383
ID_4QL55W530S,0.3470298
ID_CXX98PI83T,0.61152315
ID_HKO9XV6C6C,0.18726547
ID_7AG6TVL98U,0.29442605
ID_XVJOUVN359,0.41315395
ID_92NJ2AT0MD,0.3353745
ID_ZYTJ78I2G9,0.3563222
ID_JD47K92OV4,0.13640013
ID_5G3AR9F6DN,0.341856
ID_NGYXWT7309,0.14422144
ID_IFF62VIOZR,0.19570151
ID_XDXQ5BOUH2,0.29420292
ID_R6BHT66AXO,0.21290989
ID_HIY6FTVAI7,0.040378116
ID_G9F0F8R5DP,0.12657885
ID_OYDJRSTQGH,0.42116478
ID_9FN3IMJ5RN,0.21513292
ID_47FVKGGTI4,0.21805395
ID_VB6SZZP0F4,0.50886446
ID_LZ8TUEFADO,0.5000951
ID_L4564FWY4T,0.025852732
ID_STT4LQOAGV,0.3723283
ID_TKXSUGMQGW,0.027834978
ID_AJQ19YL2JH,0.24587943
ID_6ELWB1MV70,0.33080947
ID_TDIJFC11JO,0.037517723
ID_3S49EFCDWC,0.42069298
ID_BNCAKDL8RC,0.23607509
ID_UUPTSC9SL4,0.3542171
ID_XOGYELRS28,0.25511494
ID_K0WD12IMKD,0.3176342
ID_XMVCUFJ7YA,0.38207144
ID_NOVND5USA9,0.21832114
ID_H009G3MWM8,0.15940513
ID_2OLBCPMMYI,0.37265426
ID_AU8JWKA5E6,0.42310315
ID_MEJN3WAFEH,0.0917844
ID_ITX8PG5BS5,0.05592849
ID_KC1WRW07T7,0.20543016
ID_V95A4DNLQG,0.373479
ID_21VP4D8PQM,0.52601075
ID_3ZM9EETVVI,0.06342852
ID_4KWHP4LW7F,0.28662813
ID_FLCPKRLME6,0.36948264
ID_QK4QIR7X17,0.34031945
ID_C8QSMBIMX7,0.49311644
ID_MR7NCMOADL,0.037555963
ID_LCSXKMTP0E,0.4317026
ID_ULXLJ2UI9P,0.28766638
ID_CVPIRJD16T,0.16272037
ID_VI5RCY90NI,0.43233454
ID_ANK52AYFUM,0.26031998
ID_7U32TXHBDW,0.46494165
ID_ZDW4205JKO,0.57920766
ID_H8DLN61NFG,0.023052372
ID_V8VZJUU3LK,0.16345254
ID_NIH350MI8M,0.23450068
ID_BJIF1MVU1L,0.21010356
ID_S3U0W4L46M,0.2528647
ID_VUPPUV5KD4,0.16267936
ID_AL5ADSULS1,0.22224952
ID_D0CEQHTAH3,0.4312586
ID_TRJJGFODXI,0.26253822
ID_6B3KF9MKDX,0.32374606
ID_44HFGGEMN4,0.31309482
ID_9LCOBL168K,0.028306926
ID_FXQ6VG0591,0.07968632
ID_D7D7IHOI9B,0.40449035
ID_81EG0418LX,0.33420786
ID_KILLZ6BWCD,0.120798334
ID_61IX324HMV,0.013592023
ID_MGVVNQEMGX,0.38941872
ID_979LU83YII,0.2739235
ID_N454BEWHJN,0.49394906
ID_W9KORAJIPC,0.48741835
ID_OMPR2P1F7M,0.39290988
ID_97X47MEUC6,0.29622173
ID_QUQ0LQLD2E,0.44670594
ID_NLM1Z05WC4,0.36536515
ID_15S8K289M0,0.29352385
ID_BXEIGMY3PN,0.4539331
ID_0E7HD5TA39,0.3900792
ID_7P4JWHE7JM,0.09143151
ID_VCQW8M7607,0.31072876
ID_HSM3YJZXOS,0.28770512
ID_9KH1566KAQ,0.14606805
ID_QD21131F04,0.029743453
ID_L07G1SUIKQ,0.038416456
ID_XDXS3WB4W0,0.06342914
ID_5HRTCKB6NG,0.027621694
ID_1LOCV2I2Z6,0.24212371
ID_K0U6QAV8WE,0.31155926
ID_CLW3GCXJJC,0.14521536
ID_1ZOTK6VA1W,0.27358323
ID_R27MIGGJM9,0.23791869
ID_4GTJKWLHBK,0.30511737
ID_NFXS4XBUY9,0.27199584
ID_G9P5SEBHAD,0.27212587
ID_6M57NKDTLX,0.046314158
ID_UPQ46IZRC7,0.39340052
ID_IBP5EOHASS,0.31399712
ID_UIYPKCWYBB,0.07565103
ID_GSDWM22V83,0.24115203
ID_K2GF24BNUH,0.39952472
ID_IRW9762YE8,0.31009582
ID_Z0XUU4TAYJ,0.14849037
ID_2ZCWTIX6XG,0.45536283
ID_LKEA8MBRZY,0.31591955
ID_U94T80BPQ3,0.14354578
ID_79VXMO59NO,0.23938954
ID_JMAYPYSCGH,0.20387796
ID_KWJ0FTFHR9,0.48528957
ID_DAJ252JFEF,0.42338613
ID_XG3NVALK3H,0.3457244
ID_1CNVR05VL8,0.0406662
ID_KFY6ZH2CKO,0.24122909
ID_A8EBTJD3HM,0.4128606
ID_HHJTR8YIVC,0.25561228
ID_AU3NU36TZG,0.28491983
ID_WQSB572LL8,0.43496913
ID_4MM4B47JJT,0.28169766
ID_5EMWM59QSX,0.18709467
ID_R6FG4H6ECW,0.02812254
ID_PN3313HY2Y,0.13855329
ID_T7A91DBNQC,0.63718736
ID_HFCZGN720Y,0.015641637
ID_DLR87F8JQZ,0.2034446
ID_OG9OLT8BYF,0.15548076
ID_J48OYDVOJY,0.1598739
ID_D96B8E91F3,0.01413474
ID_CKPAB4VO2Z,0.14775982
ID_YOZ9TUNPDD,0.17475684
ID_AG0IAYRQID,0.08002818
ID_9HPA7Y0D1O,0.2808216
ID_4FVPP9BBL6,0.1354933
ID_VQNHOHI8AN,0.39824194
ID_N4IVECR08A,0.3933486
ID_4QHE1NBEFE,0.41568363
ID_N3QAJKLLBU,0.27896985
ID_JZ3HYSSYSR,0.22703552
ID_N9WTNGNJJ5,0.17253092
ID_CODWMQ8NX3,0.3735822
ID_Y6VPX8EMZA,0.25401795
ID_8Q3M7HO1W3,0.24982265
ID_EDVX37KNT2,0.032403946
ID_YOERQBHQK0,0.51787806
ID_MFBT9AATRG,0.20330533
ID_4XTVD0DDOC,0.46873757
ID_CO3LZ3MBC4,0.42055297
ID_U88E4YIP2O,0.31729567
ID_4SQ3GETBQS,0.009828984
ID_ZN04Q0BQAS,0.28206402
ID_U0XUH5TGXW,0.44979396
ID_17ST1MCZ0V,0.012002045
ID_D71Z6CY7KG,0.20593074
ID_BLEGTMR0TB,0.26392522
ID_I7AM8QUQMT,0.25940588
ID_WIY0ED2T8Q,0.31607565
ID_4BBUSNAVW9,0.20904581
ID_AB9SW5HCRM,0.15109508
ID_GMAX9P82CV,0.2705379
ID_FC4SZ0JRYP,0.69032514
ID_3CIBMDUE7T,0.39242405
ID_TJNQWS94NG,0.13668415
ID_TJLDWBFQYK,0.34975478
ID_45OVC6MZIF,0.19953318
ID_Y91IM6E9RN,0.257819
ID_ZEF36C9LBA,0.027911337
ID_JAGWXMGRD4,0.06229783
ID_2A6096K3IT,0.19629812
ID_WESGNI20VI,0.24814758
ID_RNJ2EFY0RP,0.41929418
ID_XKZG5FA14E,0.27589047
ID_22BRBTO14K,0.096703775
ID_8WFYCU9CTV,0.07518978
ID_UNYZ9LE4BV,0.22820523
ID_E65PGMD6UP,0.17348588
ID_PKRV4G0X6F,0.51032543
ID_R4KU9AXCJ3,0.18188027
ID_Y5FAVLMS8Q,0.22693844
ID_6YCWK3293J,0.1300875
ID_9VQPXIGR05,0.2793102
ID_0MJ4OSM2PC,0.13684106
ID_5N5AP88F0J,0.028298913
ID_PN7PUE3600,0.14948377
ID_7ZLS6NNGNO,0.26650006
ID_0EYD47MPEV,0.23167369
ID_1E1W63YRAF,0.30816385
ID_416IJ45ILE,0.79921746
ID_L3O6P2JWDT,0.13291118
ID_WK3JS3YSRK,0.21700752
ID_D86CM32WLV,0.30760488
ID_EHB88Q3ZSB,0.34526163
ID_NKE7SMHYEG,0.25040194
ID_YBQ82OFE3V,0.25876182
ID_4G5CZIIJDA,0.033043
ID_64LBN227U4,0.11651202
ID_NFWKX7KOHE,0.51987237
ID_V6V7867Z56,0.28592628
ID_ASFX0IJG9U,0.10571964
ID_NP31N7OAQ2,0.26085174
ID_G6NV2HXOJ4,0.17432564
ID_32U5JO1BX7,0.5006505
ID_874K40RFJ2,0.29103148
ID_LRU87P2J2F,0.24493496
ID_CRL0YT97U8,0.45019883
ID_614ZWQRWLX,0.03501799
ID_0SIMNK9XL7,0.3948968
ID_3012TTM70K,0.22144799
ID_L44MR3IIVI,0.2015397
ID_2W0G2BBULP,0.05714606
ID_BHJNYXXG3R,0.17142822
ID_90PCEW2AK8,0.7988896
ID_M7C7KBJ7NS,0.41897342
ID_IIOBCV02XP,0.42611268
ID_CR8940F8Y2,0.2588768
ID_NBKXBBYQV9,0.31991887
ID_DDAD4QMJ9A,0.21904518
ID_70SD0BP8YW,0.399178
ID_ZIW2CQ6JFC,0.16303243
ID_LL7OTWB546,0.35146987
ID_AOJFW4N6SI,0.2590926
ID_027HOVSJEH,0.32229176
ID_RXLKGGERHR,0.3311696
ID_2E377RTTU2,0.089606844
ID_BTUPJ1YKPU,0.3304222
ID_9D63APUIZL,0.16147397
ID_NKTMBWVEFP,0.19590831
ID_W8PTWYR0YJ,0.39523262
ID_I02R8P7MTD,0.28141013
ID_7GAAL3CVAR,0.12980503
ID_SZS0YV2S1V,0.74053633
ID_E1D1XRIFQ1,0.31752676
ID_PWX9YRX8FY,0.3491464
ID_CR0POONSWF,0.057132088
ID_YNOEYS04GL,0.06786271
ID_MV6X0AHUGB,0.37709486
ID_P6RA6JXKIF,0.24829239
ID_U3981KHQS7,0.10213314
ID_GJEZB50M0V,0.2589114
ID_LHUVZLCXOC,0.4156083
ID_D91Y7WESZT,0.17456827
ID_2L6OW5DUI6,0.08411292
ID_P3DADYJMIT,0.11554547
ID_8Q5783VX3P,0.27202561
ID_ZSHUABGNW9,0.33378112
ID_8SFRD69X6G,0.14790848
ID_126TE8T062,0.2986222
ID_XI40MRZAL9,0.26953253
ID_AYEOYN63CV,0.2405156
ID_YA70WWXNOU,0.458092
ID_I70QUFSHX9,0.029425787
ID_LXHC17YEB8,0.28375146
ID_8W5POG9SO1,0.2705357
ID_ZEK2H4T4M6,0.82656336
ID_O30IFLAR1R,0.120333746
ID_WWZVZ8MT22,0.41553095
ID_JWK97N3BLT,0.07636547
ID_L3P61O2RIK,0.512917
ID_J3M9XG3ZQ4,0.26916993
ID_HUHCAR5XPS,0.1933952
ID_S326GIKI45,0.26987332
ID_MCM70B5BD9,0.1327449
ID_Y4LX2QCKJY,0.031638525
ID_07L8F9DU99,0.37097526
ID_4WSDW74D99,0.10322681
ID_NNE0OHX1HH,0.5506959
ID_QZAZZZGNYW,0.5675314
ID_YZ0EPHNLRQ,0.25805578
ID_IYPRP2TTVZ,0.02338738
ID_FFNVJCI1QE,0.05993688
ID_T6C34M5NXF,0.28538132
ID_UIZB668IIM,0.2182298
ID_0ZY3I9HR3S,0.13227364
ID_VQYGPZV9Z3,0.24139006
ID_ANAE338T4O,0.30800202
ID_ZMRPZVQM0O,0.16426487
ID_OCGLUEZOSG,0.13628078
ID_PE5JYHLU7K,0.02058653
ID_RBKKDOFZYB,0.38494256
ID_T3FTLRL1OG,0.40132904
ID_38L9I4WPT1,0.02060511
ID_W0RVR85XKO,0.5351436
ID_GO55NVE9JN,0.2962193
ID_2XHPG6CXUX,0.028875895
ID_O0M0S57DTF,0.036698382
ID_J0NZYKRNVE,0.41197655
ID_QXQVB3TFN6,0.16877015
ID_F3TMNH221L,0.2658601
ID_OG87NS9J99,0.018605476
ID_PWAVF8L94M,0.22176965
ID_LXFIK0NNDL,0.28077438
ID_9NNPMSAD0L,0.34996298
ID_57WOB2N2UQ,0.05405194
ID_9RMZ9XL71A,0.2928878
ID_Z0P7EGBX7M,0.25805798
ID_RD0IX5TBHB,0.3656243
ID_GQ8VU5RLQU,0.15553264
ID_GH1GHK4FHC,0.31340876
ID_EMYR0SKKHV,0.031227762
ID_9WI5KSOHFS,0.38098338
ID_SZJKIONYZO,0.008834275
ID_O07WPO2FWU,0.1441447
ID_TJOH2NOYXJ,0.39637873
ID_KSTF03E5HD,0.35303873
ID_OK8RDZ6JM8,0.18900639
ID_F2OILJ21OR,0.2184049
ID_6QKOCQR7V6,0.25114498
ID_ASXV2TBLQ7,0.21949995
ID_KWOXYTTRG8,0.013930713
ID_TENKYDK273,0.20998634
ID_A6VQQHUY25,0.31276605
ID_P1M4LK9SXU,0.046112597
ID_AV46QW7KPZ,0.3541584
ID_2AZUYJW1IT,0.2833748
ID_EWAMZ55T1L,0.22144431
ID_47FGLXU3AB,0.32227108
ID_HIA7H26W4L,0.30416143
ID_U1IMMWTH80,0.06762335
ID_98C1A5V2J0,0.35279813
ID_LUAY88653H,0.22774225
ID_371SE87JKC,0.29020408
ID_S2SZDIJRXQ,0.37242013
ID_WCWBNFJAS5,0.48131078
ID_GY23LWYNIX,0.32554215
ID_FBSILX2FLD,0.34424424
ID_IT0Q2LJ65Z,0.12683341
ID_K4QN6U4D99,0.2934505
ID_PB5VENXC1Y,0.30026037
ID_EOOK7AUMPE,0.10963931
ID_1X7ZZQEYGY,0.039097976
ID_KEQM8VLKIA,0.42500266
ID_9PJHS5MZ2B,0.51138735
ID_6GJFYDNYWK,0.27167937
ID_MYN1IY737N,0.048304033
ID_B17E1VB5DO,0.08798738
ID_A2LX7A7M8V,0.23109801
ID_3CRBDIJVWR,0.39089668
ID_W1XEOY9MIL,0.15329592
ID_PUAZTB1I8E,0.26406035
ID_5IUVOMMGGH,0.3051897
ID_GTK3C3XT3H,0.35629943
ID_E19IGOV8UC,0.25785422
ID_0YMOZTPI6C,0.2873845
ID_1FETX6KNRF,0.4087036
ID_GOKY0P011H,0.30928993
ID_DA7Y6B9HWR,0.30407977
ID_QMMD51REII,0.19227594
ID_Y8NI8GG7RR,0.28335422
ID_N64FSANA4I,0.1904796
ID_N0XJLZT0M8,0.3345
ID_1KWQ5GR9OG,0.47603312
ID_Q3MF90EJ0D,0.044918798
ID_MKKXH1GVEA,0.27458662
ID_JFDP8MWDRI,0.2856424
ID_YGR65AMJWS,0.43560043
ID_HEM5HIBXD5,0.20783727
ID_XWV2YXUYLY,0.12912652
ID_663XNCL1XD,0.5076643
ID_XU993KN8T7,0.44520926
ID_KMFA5QBHXO,0.14730637
ID_C73YP3X0UJ,0.12569986
ID_IGRLLD2X5F,0.28106308
ID_GCYD5J169S,0.16508004
ID_6KVX4D2U61,0.2366877
ID_1YIWPPIXSE,0.36278853
ID_KD78JYXQ7B,0.26504907
ID_8XDVVBAO72,0.38643703
ID_1M2X7EE0A1,0.13417326
ID_O1JD3BK1QH,0.26975703
ID_9N1017NQUU,0.2166467
ID_8U2EYVW2R4,0.25042823
ID_SZO1FSB5LU,0.36928377
ID_AK8Q6HOLEV,0.2833968
ID_IXIRIZMRTI,0.24434216
ID_2XPML843ZM,0.08937559
ID_PF2UFNZJSR,0.07327438
ID_BJ4DD78FVZ,0.113960706
ID_IHSGKPFEUX,0.14138202
ID_A2ASNZ0SQH,0.45718414
ID_D5UTID77XP,0.24202494
ID_0ZU1LOVAYM,0.206449
ID_BL5UJNEHNA,0.9999445
ID_ZELS1O7FTA,0.32529056
ID_QK7EF3UPUO,0.34625655
ID_WHEGIYT4QS,0.24633712
ID_MKDMTDCFF6,0.2399162
ID_GQGC38I8LA,0.29814228
ID_WVDH0NO8KN,0.40201265
ID_RHO1Q1TPA6,0.20401835
ID_GZE010H7A4,0.18323867
ID_E8PCSZWN31,0.5041343
ID_FCYRXNRRK2,0.06260402
ID_OT21AU01DZ,0.45192856
ID_7EEVJIBP6A,0.12332682
ID_XPHC975OGW,0.53740364
ID_7D8O8NYNW6,0.13589036
ID_UF9IBOO1TK,0.34754795
ID_D2RYCH01KO,0.5649834
ID_KJDT3B3G7T,0.26983476
ID_202PAY3QBB,0.31387419
ID_ZG2L9G2GD7,0.026826698
ID_BO01UX9S2J,0.25434512
ID_AUPVO5NR14,0.25031784
ID_AHN4TYSLHS,0.11892066
ID_EW7G1WK59V,0.22449245
ID_RKWMJT3YI3,0.27912846
ID_588YBHV1YW,0.2760394
ID_1QRSGYH6W1,0.28050333
ID_6L7D1BDZUX,0.37877575
ID_SMYKUQ32XM,0.6114501
ID_PWEHFINT2W,0.30259353
ID_VNFNUOT4MT,0.40844092
ID_6AAIZ4J9U5,0.3531429
ID_ZUGVRR70LK,0.19875175
ID_GYB3LIAPIO,0.3312465
ID_EA1W6V2XJN,0.06507893
ID_5W3CN17YVK,0.347888
ID_TQY4KE0A5I,0.45433214
ID_ZHRAU3TTMI,0.21769671
ID_3F50IF6L9Q,0.5130812
ID_6RU4FXBJ4E,0.39950523
ID_1CEA9B2QWQ,0.4039495
ID_75ERK3M45W,0.2987938
ID_FN4XIN8CVA,0.028377336
ID_2IAVR9MIHO,0.14527076
ID_58XRVCZDJS,0.051659573
ID_4M5DDDJN69,0.21250609
ID_MHFA6QNNW5,0.006822655
ID_PZ1ACX6I4F,0.23758747
ID_EFWQYBBVLT,0.20269293
ID_V73YFNJK38,0.07044033
ID_5BSYJSLN4N,0.19326082
ID_O566ZA05DP,0.23062763
ID_LLX0EDH0LZ,0.5473659
ID_PJ9IBZM4FJ,0.36622226
ID_J8OIZD5CR9,0.11976722
ID_T2J18YEP1D,0.39354837
ID_L44207YTPF,0.41847697
ID_TOJS69O64F,0.016430289
ID_RK7KANOZ4L,0.14635167
ID_OAMCUL0ZZS,0.012245745
ID_549PGPEUYF,0.26540527
ID_NCQNP09PAH,0.2765249
ID_JPAKLABQX4,0.2228366
ID_V7A81EZAUB,0.2025463
ID_0BIN17Y0W2,0.5942673
ID_BQAI7DKOSX,0.32593268
ID_MBPMZN9ISJ,0.47347924
ID_QUIJGW2PWD,0.19764532
ID_NOBP33R0O6,0.14678177
ID_3FP3VTSEBE,0.19159763
ID_J01U5YB8ZO,0.40509126
ID_RL39AIJF5F,0.27943432
ID_JGPA1NYI9H,0.0900933
ID_0ZSVXLK3UO,0.058078013
ID_K5UQL4Q2Q2,0.2758051
ID_KTHI5Q2GTL,0.3842657
ID_0ME5KKCPHL,0.33400217
ID_CCXEFMNZ14,0.17495371
ID_E2M19SGB8Q,0.053799517
ID_NQ4OA6M6NH,0.20847274
ID_O9TXWR1UQR,0.28282103
ID_TUAB1SIEY8,0.20712477
ID_I07XG20E8C,0.20021872
ID_N76T3136I9,0.13285665
ID_B6BUEIWJIX,0.06467563
ID_XDHJ0DWF11,0.29527733
ID_FL8KT8YPTX,0.2766627
ID_0ZYVD9SR3R,0.44606388
ID_81F19SUX9E,0.28664523
ID_1UGJBZMQPE,0.375664
ID_Q951QNB12I,0.21502244
ID_DCBO9ZEVRE,0.44636956
ID_Q33Q4Z1TKA,0.18279389
ID_J9ZMU6U5Z3,0.21424937
ID_I31YGCY99J,0.20864284
ID_6QVZ1KKVN8,0.20375982
ID_YCN5QVS9ZE,0.39107656
ID_R3D2RIHMT2,0.25159848
ID_10C5510VBG,0.51718044
ID_ASF3N7DM79,0.13951059
ID_W778UASIYG,0.23920283
ID_55Z9ITZRYW,0.08401434
ID_LY4A0UD0EC,0.25436044
ID_37P4NLZDHD,0.63636553
ID_X3RTWI7UNA,0.33348545
ID_8WUGT33AQZ,0.08450659
ID_KF57ISR7L6,0.25385284
ID_0LOKR0BG2M,0.12618895
ID_5DAAB6CTKT,0.19477357
ID_ZRHKG23443,0.6229148
ID_B5JVIK8LSS,0.21230026
ID_OJDJ9CWZMB,0.039181866
ID_81CETZXFKC,0.75674254
ID_2YLQ14FLOS,0.14458148
ID_KDNS2CHEBR,0.23845638
ID_Z2AT967SL3,0.047922514
ID_LXWBDIJIPP,0.16700487
ID_ZEXMCMHH2P,0.26834434
ID_09C5KG6W81,0.09141073
ID_BLCK5ET3ZG,0.18624613
ID_RJUV9SZAJS,0.17812452
ID_K79UMHEY2H,0.29597357
ID_1UO215AM80,0.013427635
ID_KHCBM8KWB6,0.14045157
ID_DMUBXG86NG,0.25681725
ID_JO00BI3G69,0.3247923
ID_WF6D51RTLS,0.08284153
ID_GIIUT60SQD,0.513775
ID_89TYRRRK1X,0.29663923
ID_1IDDFCMR6Q,0.40534866
ID_9I8WD7RHIL,0.22481248
ID_QKSOPQU0XQ,0.23035333
ID_39683NQASW,0.33827984
ID_LMVLFWMF1B,0.027522393
ID_JU3DNJXQ4I,0.12111446
ID_Q09LBAC5C3,0.0074636247
ID_19IP24G1X4,0.16173859
ID_KCTCI5D5C7,0.2922624
ID_7UYWO8PTRZ,0.19060518
ID_CN5STD3FTB,0.3550314
ID_XBX01TMIOT,0.45819703
ID_Q015IMYHKA,0.24868272
ID_8I3LBO1QIZ,0.3144484
ID_UNYZZVS0SY,0.29103148
ID_DGXODC8UTN,0.46730268
ID_9IH9FRHA8P,0.23743743
ID_NP43RLH0H8,0.3250588
ID_2Z9UZJCVM1,0.26948848
ID_T6J52E2DQN,0.08296962
ID_0FA7P7NF49,0.33305907
ID_34R74SDJ87,0.11429482
ID_5YRQ0EGPCF,0.10663951
ID_LRFQLXVSRC,0.22523394
ID_J6K5I19M5T,0.25849944
ID_FS735VTHE8,0.34360522
ID_SMTTK84RFJ,0.17699537
ID_8Z90VAKBHG,0.47121093
ID_V4WS68N01M,0.35016522
ID_89YVNE6P25,0.1643248
ID_CY6ROPKANO,0.31542662
ID_68N5CK9RYM,0.35845277
ID_JJY95QLC9Y,0.34235236
ID_NQYT5X1FLB,0.025905805
ID_WC765OUWYO,0.17095055
ID_SBFPRY05L0,0.20122726
ID_MG8K35P86I,0.3814963
ID_6AO41T7K6O,0.22054034
ID_NCNE7ZK15B,0.13559313
ID_KUL9IG2P67,0.25777414
ID_JLO30DC7RY,0.25712153
ID_L0DPTIR35G,0.022183422
ID_BBAY7HTP8S,0.33839253
ID_6PY39N25T8,0.32230774
ID_8QPAJ2A6DV,0.19981697
ID_FVQJX9DITN,0.30629754
ID_NIUQNYX9X1,0.60374177
ID_BXAL4FZTQP,0.38927183
ID_3XTQTVZVCX,0.037066806
ID_3MUDJ5KO62,0.021979313
ID_YPUB253VDN,0.08699035
ID_7XO1WYXFBF,0.14070179
ID_LXEIPKMYJV,0.016181154
ID_2GY6FG9SQ8,0.14995173
ID_QAK6YN3VJQ,0.27689666
ID_HF5FPHMKD0,0.18456799
ID_ICQ7SQV6RX,0.20696257
ID_580JNBL7JQ,0.22197871
ID_J872Q7KLS5,0.15696068
ID_JQDCRN9TH9,0.3959013
ID_R3JSEU9Z5R,0.38774785
ID_1NQLYRZTTR,0.103742816
ID_RDC290JMQJ,0.41377908
ID_SJ6PHAZG5Q,0.606277
ID_21ZYR2099S,0.14919549
ID_8YTG6NN44R,0.3656361
ID_XEYEDLD3NG,0.110292464
ID_16N9FDXT09,0.20418759
ID_REHXEGSFWC,0.015935969
ID_W02Q6AGX22,0.14840211
ID_TSVN55JLXV,0.17399041
ID_2IHT27D1Z0,0.28438526
ID_ZB8R3LSWMN,0.4035418
ID_4MTI27O43P,0.04491882
ID_M4WUHC77MG,0.17071731
ID_WZ00DG0FD8,0.54910195
ID_0FLC2JXWX4,0.17767586
ID_PV58Y5EJR0,0.33468655
ID_CHZ4SGZU7W,0.25925264
ID_183V5GLPQO,0.24332593
ID_ZMI1LH1E41,0.20713289
ID_GKESY62FMA,0.023992635
ID_02WJDBW3FR,0.26926097
ID_17E6KDIEHC,0.28192368
ID_0AQ1J1GQKW,0.9291402
ID_QUYUHI89NI,0.08197304
ID_LXCUN5SGN4,0.4005857
ID_0XXWFX4ACZ,0.20524164
ID_MHKKVOFB5S,0.20524164
ID_0IXRR7FOLB,0.15271325
ID_HNFWKPE3PS,0.3186887
ID_6HX4JVNNOL,0.43383494
ID_16CGGRJXCQ,0.29661998
ID_63CK8Y1V2G,0.15564586
ID_VZCJOZ4SCF,0.52130485
ID_97URRCDDTJ,0.022308277
ID_LU0JO17SO1,0.06628994
ID_1UVE0Y0MX9,0.30669847
ID_UNUFB59GYI,0.061531253
ID_5HX6DNS8S2,0.1375278
ID_CAONQQIX2S,0.22471036
ID_7VI5YK9TLY,0.14727764
ID_0NV4AT2CYG,0.30797946
ID_PE9ST4YVVR,0.61939585
ID_EKZDSYF0X6,0.21173365
ID_97VVVUZJNJ,0.026449632
ID_YEDIX8AED6,0.23784944
ID_BP0AM910D3,0.2411884
ID_YMD66BZYX8,0.2282229
ID_7T51K1GL6Q,0.18877684
ID_BRBV9QFO81,0.08928769
ID_5Q6IO0TS6Y,0.119968906
ID_LIKHBZCJP2,0.27646905
ID_4BSXMZCZ9R,0.4115648
ID_77IVR8DHFH,0.29487753
ID_Z4EWBQFCMG,0.18647738
ID_43PL547KK1,0.1799429
ID_5HP7OLINRH,0.08952893
ID_OC7UPVCQV4,0.41580927
ID_UTBQ6GS9FZ,0.3200318
ID_ZE53THFPT8,0.19574964
ID_ASYCV0U064,0.24792735
ID_TBBBR51EWI,0.2885419
ID_6IC3CCHKY8,0.02828085
ID_KZW7G2NW0B,0.3733688
ID_GK3KTNVDD3,0.16157463
ID_AOS97PSPO5,0.25455365
ID_75T6CG80WY,0.26082593
ID_8PUWFW5S0D,0.26953575
ID_5I0NUIT5YO,0.23476759
ID_6PD72B98KI,0.39829838
ID_IADF32OMM8,0.13702072
ID_T1544250RY,0.38041988
ID_EL4M8YWFK0,0.35887295
ID_IDC9VQN0XI,0.055472426
ID_HOS2CDTF66,0.22864264
ID_KBNOX89F4T,0.31853878
ID_GNKIWDJKFH,0.004118043
ID_UBOTFI9RLA,0.22227286
ID_GU5BB07T7V,0.07432311
ID_SQG24UW6N4,0.040534273
ID_0O3SLJKCPV,0.3618818
ID_0DK0N5POQW,0.22090754
ID_1MYZYIIZDL,0.1352946
ID_JZ80EHLH5X,0.0031354423
ID_6VK12MDQUD,0.29286802
ID_7W6Y7M6KE1,0.35123706
ID_V593G3LIQX,0.011984377
ID_2M10JUZ729,0.48239338
ID_W95UOAYLWE,0.26354682
ID_QI3YYDBGN8,0.27377814
ID_DD3F8RKG4K,0.36727795
ID_U5KKTNDLF1,0.22357543
ID_9CP5UEOI59,0.15364407
ID_9I97VOG14Z,0.8351882
ID_SQX2PQDV7X,0.3310353
ID_L80QZDZHRS,0.3483561
ID_BK8M7810HC,0.05090717
ID_HGRLFO7W37,0.47638598
ID_PFVMBYNF6N,0.2175955
ID_T0XEFTBO87,0.15940893
ID_RA9M2V6CX8,0.29475516
ID_VNJZFHWX6Q,0.2228214
ID_MSOHQDC0KQ,0.707116
ID_IGU3EAQVM2,0.82378316
ID_PB88MYJH68,0.14849308
ID_B2SC4T9WFZ,0.082098216
ID_TW7LDQ7OK3,0.28396514
ID_R48UT9F01U,0.6308026
ID_DXXY7MWXIZ,0.1893707
ID_0334ZZQ8AZ,0.55144155
ID_LX43M4GG90,0.33422104
ID_8T2MPFUCVB,0.358402
ID_6OJI4WS6V3,0.34775704
ID_XA81KCLJ7U,0.3972462
ID_T3NIIXE16C,0.25650683
ID_NNDIX1SD7R,0.22395854
ID_8327UQRR4M,0.20586286
ID_GBLF0S7UKY,0.024054606
ID_XM6H5MY60Q,0.49258512
ID_W9B75LOC4Z,0.19162254
ID_QPO5ZSEUXK,0.31925914
ID_EOFBQ7B4SW,0.3562567
ID_7YU5TMCBA7,0.29845637
ID_L3OL1ETTU6,0.20333295
ID_Y2V1F4FMP3,0.14248754
ID_XZ5BLRQLF9,0.32165077
ID_NRGZDLFFXQ,0.09333735
ID_JFKH8ARVL3,0.5241204
ID_7CVQ7M5YOS,0.50694764
ID_BE2RSDUHQ9,0.29194063
ID_AXJ2O5QB6U,0.13958852
ID_KADIC7ETC2,0.038791653
ID_61Y11I870Y,0.023675526
ID_D77XF2YQPM,0.014535512
ID_L9906O7CFF,0.04492334
ID_PPL25UX9DQ,0.28550604
ID_UWJN60P71Z,0.18981099
ID_DOC2ASM2WR,0.4141546
ID_QDAJ8NA600,0.3656102
ID_UGBH06QXWG,0.39189282
ID_3PYRC3ML1O,0.055050015
ID_J8OV8S71L1,0.028377336
ID_0EY9MOVT6I,0.29246345
ID_2OJQ9XPLTW,0.46305
ID_T2BLZPMGQO,0.0587669
ID_KQ440FPT6Q,0.19336653
ID_0ZRC8704QZ,0.3036769
ID_MOMAWXYF95,0.19995543
ID_3JVBZ8Q4W3,0.23889738
ID_BRU8QQO57U,0.3540922
ID_2Y7A77UOOK,0.3943313
ID_ZTS0W6K2RU,0.5407315
ID_3CJDK8P6IR,0.08823963
ID_Z2LKL1YYQ4,0.16051053
ID_OTVO9XF35B,0.32558957
ID_VMKC6250GB,0.26210302
ID_M75MIASNZX,0.35210276
ID_IAN4XJ5GGZ,0.15678851
ID_6SAW0KEZFV,0.28148162
ID_E4RU0CHMEU,0.10071784
ID_D51DL5T7RM,0.31095237
ID_33L5XMFNC4,0.20456871
ID_ZTOB8OC2J4,0.4253984
ID_19BOZFE939,0.03263793
ID_GAN9UHKGXR,0.16660151
ID_IHHBVQA12G,0.11089211
ID_UJC83F9UGE,0.1454268
ID_IDOWYR5HGN,0.12493163
ID_IOX4PHH5SQ,0.44413522
ID_M2R1DXHBMN,0.4811985
ID_HJV8ZVMVDL,0.1731904
ID_QIFWSL1V4B,0.12193156
ID_NDYQFGDLRD,0.15678261
ID_ZU5725W2Z2,0.3620306
ID_I2OG28ZMR9,0.55652815
ID_ZJS37TXH9B,0.44325173
ID_FEZUJ0E5F7,0.47270188
ID_A7NMTU27ER,0.34907597
ID_Z27UNOEOJX,0.20735493
ID_PC2KXC6CAD,0.17935188
ID_S0FVQ2PCSY,0.17385864
ID_KKQ0X5HC6B,0.3412368
ID_YTMDNT2S1B,0.17767586
ID_WWGQTUQUVF,0.47890323
ID_QCBBF0S99Q,0.2604121
ID_HUSEWIB5W7,0.11428924
ID_AR3H8YV72Z,0.43653873
ID_P634PGBFCQ,0.14397892
ID_Y3SDS6QEK7,0.28951862
ID_S6FU7SWM79,0.30674443
ID_UA1LVO3RPK,0.46986994
ID_OZRQQBUXB9,0.25718352
ID_99ZL50V4UC,0.3111831
ID_VNO8ORAI1K,0.3704593
ID_X876CAUG90,0.45504728
ID_8JRBFK47IJ,0.28546688
ID_ZHUBZIWV59,0.08932465
ID_WG93RJSK54,0.22820523
ID_YO736VJHGR,0.059968133
ID_E98PTPQTSA,0.11994452
ID_TT8DLB87YB,0.36393085
ID_5FLZ09FACC,0.072453454
ID_NGF15S5RQM,0.23232602
ID_YFV4SW25JS,0.5182185
ID_PVG9FC926V,0.073759414
ID_SRN8JKSJIC,0.1513064
ID_JNDK2QOC2R,0.69175875
ID_78EPLKEHT2,0.33370987
ID_534CRGSQZT,0.42907983
ID_AL8EC05I5E,0.24080695
ID_C0Q11JP6QU,0.34677556
ID_XDWWQ136CY,0.3107382
ID_42K6TEIKY5,0.013024999
ID_Z1QULMYCP9,0.09229985
ID_G0SK75QHMB,0.26410535
ID_EG4Z40LF0U,0.48502678
ID_O4K8L10G4Z,0.10931833
ID_UITUXATMUY,0.27608183
ID_QS8NDABAGB,0.36447442
ID_6VH8EKQJ5A,0.30775848
ID_FP545UKX4P,0.2310083
ID_02PKCM91RW,0.4206935
ID_DXO5BN6KBW,0.1757856
ID_HQ7RELOM1P,0.28115952
ID_8U3ZA0QR0K,0.041256197
ID_BUEOYG1GPD,0.06467269
ID_7LJ1IT7220,0.41120067
ID_HQYF89N00Q,0.35743794
ID_RVZW1KEQKE,0.13374576
ID_DZDQ0GUXCH,0.22658244
ID_XCLCZKRACC,0.059455786
ID_9YFT9WHIW2,0.57833433
ID_3LB9SPF6MQ,0.2951019
ID_SDGJWLKWAK,0.34863853
ID_QBQLPLXQDR,0.14091614
ID_C6GYT3A9YL,0.008026867
ID_XPQQ54Q94L,0.23672663
ID_00KNQE8FD5,0.4436784
ID_W9Y943S404,0.45162767
ID_F50372K5D1,0.5199376
ID_F6UZL56GVD,0.11622137
ID_AV9SW01S89,0.27778602
ID_AZJLT39HUS,0.49592683
ID_T3TQBAHTY9,0.24889563
ID_OZ83GJIS3U,0.16129185
ID_V8M0U6FZ2C,0.21776642
ID_6TDIEIPQ1O,0.15537028
ID_W829HPSGEC,0.14662859
ID_K0Y51U94ZS,0.016216757
ID_5DT81KM7OG,0.08642598
ID_LPN3B7FUUY,0.113629766
ID_JDS2KE781F,0.031149978
ID_FKFVJA5M43,0.3507068
ID_1HHWY8UEOT,0.60452056
ID_E5Q8ZXBRK6,0.24746805
ID_R2DBWVXU9B,0.21170138
ID_GTCPADDWPA,0.16052511
ID_09L3SRGD8Z,0.062459026
ID_ELKIQ1TQ1V,0.44253972
ID_YNFETD6ZPC,0.26131117
ID_7WT08AGL6O,0.28475434
ID_PCQ368RP4N,0.42901626
ID_U0AGHRLQFR,0.52908826
ID_IG5YTPF9CN,0.11074115
ID_SUZNLKSM9L,0.25411138
ID_8GBUPJB7RZ,0.15416211
ID_NF4T6HBDJD,0.38774785
ID_36PAPNUL9Z,0.16081923
ID_8FQA3YEDLV,0.33438993
ID_L59X07JNYJ,0.52352333
ID_70B2HNJ87P,0.09489011
ID_8TAO6OY5KF,0.20713289
ID_I9SG4VPPZQ,0.27032688
ID_73IR57M9Q7,0.18146376
ID_AHPZTAD3RL,0.2138857
ID_1R7YCNW072,0.24316134
ID_K403KA1CWA,0.57920766
ID_YWRPLHC2HC,0.23723619
ID_LIK8P07QAK,0.15109508
ID_V37GHFSRAN,0.24543425
ID_C96JP0N1OH,0.2723127
ID_74FGZQ5QIV,0.31996915
ID_VZN2ZVJKIQ,0.32128298
ID_74DGSPMOP9,0.49262524
ID_PGAWHEXT4U,0.2647761
ID_VB392HQV94,0.24580874
ID_9JPJ908H2C,0.28276196
ID_J46DCNUQ7W,0.28647557
ID_WDVIDDEFCY,0.26759222
ID_RPVHLX9W32,0.061046943
ID_AUTTIW47Y2,0.31614515
ID_VPK8XM7UJP,0.19248767
ID_LHHIGH8GS1,0.09990279
ID_JBNH0E3BYD,0.00957279
ID_JOB6SMA224,0.34737942
ID_UNEXBN8YNK,0.18540527
ID_0IMP5UU368,0.041885413
ID_MNQREDK78Q,0.32715026
ID_VO88UMFW05,0.50800633
ID_76G07GLGX3,0.2425185
ID_4H33RF4NE5,0.04312412
ID_6987O0YDKG,0.3219862
ID_W86OK4LJ29,0.11461508
ID_0N09537X9V,0.3086083
ID_J4BMCEWWOV,0.31098703
ID_XOXMIRGJHA,0.05668676
ID_DILNSG5Q5D,0.817883
ID_4TAGRTYMZR,0.16135322
ID_T47LZSVLDX,0.3381387
ID_Q6RKE7KQSL,0.013598737
ID_MHKKWO7IRG,0.40830594
ID_KPA16M02EP,0.3927467
ID_UX4EEBT3ZP,0.3714477
ID_FMF4GHA4QB,0.34738004
ID_8I1T8BYF2Q,0.28244388
ID_BNT071KJIQ,0.4828012
ID_WXUYBVZ9H5,0.3219568
ID_15Q3DACGA5,0.024851084
ID_1F0FRNKQTH,0.24197277
ID_458165W9XS,0.22578861
ID_HX1F9XZ365,0.37399486
ID_58TJDE584J,0.36613962
ID_SN5191VC4I,0.3942421
ID_K2MAVHBMCB,0.26655638
ID_0D94HWS3OQ,0.17816949
ID_TW1P62BOZ2,0.4229921
ID_Z1ELOPHZ08,0.32429442
ID_SZW7F46OMN,0.20171952
ID_PMEVOL9SUT,0.9045587
ID_4P2QGW2JRM,0.20716742
ID_4CY9MOR688,0.17580758
ID_TC9GH2YYPZ,0.2540824
ID_1VWRZB2EKK,0.041243225
ID_E3NY9YM06Q,0.15504447
ID_WZQ3OL046N,0.28250158
ID_FD1W2QTZT0,0.37224197
ID_49M50VPZ6H,0.23508543
ID_G8FSREMU4E,0.17572975
ID_3AHSLI8K2M,0.31152233
ID_FPH6WMJ0U7,0.31604698
ID_KXFO3X741D,0.28141013
ID_Z878E5USG5,0.033774547
ID_0J0K8V2QJD,0.53852904
ID_PA3GJB505Q,0.42076916
ID_9KQ01B8WNE,0.26391515
ID_7TE1B4IXSV,0.28318894
ID_YCBZ68CVO9,0.27892157
ID_KP8JJCWQVF,0.3083917
ID_0LTXD1CVYE,0.28798133
ID_E06AHXRZZM,0.17385474
ID_LRB6J0WFYT,0.21566704
ID_YOZEOPLPTE,0.18759456
ID_1O0OEGVSC7,0.46541598
ID_AAIWHS3ESR,0.28701666
ID_FWM0VPN2V6,0.09983538
ID_N9LDBM3OOF,0.014210805
ID_RRPTAVTV2F,0.20986426
ID_3YWWPYD32J,0.020004878
ID_LI4SZ86NBO,0.22092392
ID_FWTC37SZZ7,0.053123057
ID_09DKVTUIFN,0.29261988
ID_HYJ4D6UZOD,0.19661267
ID_K2LP0Q211Z,0.13224596
ID_582D9M8M52,0.3033673
ID_51DQOL4S9N,0.25904167
ID_4IELHFZAFK,0.039292745
ID_EF5TPNVF7Y,0.27892157
ID_41ZWICP0P8,0.12657885
ID_F6VS8FU9VW,0.026931703
ID_CE7QGYFB3X,0.1895001
ID_J2FN8M8YWJ,0.2296943
ID_9UGG7O9Q1N,0.07545649
ID_B1MML4ZFSB,0.25009462
ID_44XDQ680PS,0.24718095
ID_UNGZWVWUOT,0.14985907
ID_1G1GBLVNEL,0.014386027
ID_YEIQW3J8NE,0.23686256
ID_V48OFQF5H2,0.3332164
ID_YZRA0MP4MG,0.36592942
ID_P6S6CY0FML,0.33179244
ID_RRFF87CQ2Y,0.300248
ID_HJMP4FDOR1,0.43704498
ID_N3DJZC1IC8,0.16219363
ID_POHBUE7OAZ,0.030745722
ID_85MQH4HCW0,0.2538666
ID_7UBAVJN0YJ,0.47276703
ID_9QFBAQZFJT,0.33401033
ID_9H1FI3OREA,0.9634352
ID_T7D0AU1YHI,0.46108148
ID_VL6K3XAUY6,0.15458107
ID_6L85MOLUKX,0.3032192
ID_GN6FG3QMSV,0.12782453
ID_GVEND9MA5J,0.29217422
ID_MTVKO05TUH,0.12011677
ID_GBIFKWBSRO,0.35269287
ID_O05TI4TLH7,0.388014
ID_36XLY3TLT0,0.09413176
ID_JV1PHEQVF1,0.38784844
ID_6OQRR880C2,0.1374177
ID_UTJHCETCTG,0.235119
ID_UABQHOKCMX,0.26983437
ID_QZUN5TLU6M,0.28871846
ID_SRNOWJF4S5,0.1358817
ID_8XYGBKCSFN,0.45207217
ID_57NYIBAAA7,0.2858765
ID_6UNMR43HM3,0.1260533
ID_RPI9AN646F,0.051227715
ID_6NUQBTJEFM,0.24895883
ID_MX99IUAQG7,0.368154
ID_LCEKGBMPI5,0.22544277
ID_N7PS7YWGNT,0.38001063
ID_LSKA7H3EKN,0.3335573
ID_ZFM7HAS2DW,0.19507048
ID_23Z58KC0EY,0.25225416
ID_HIG52XTBO5,0.19368118
ID_AJO25KUAL2,0.16155194
ID_0IYQB7JM3D,0.15728624
ID_YLR6V7L6WR,0.31764102
ID_Q8SH0VHEFA,0.20748879
ID_PIPGUA5S5R,0.26790202
ID_LG73Z93WUN,0.20386772
ID_GY8QIVR7OY,0.08457564
ID_UYV58B47TZ,0.1721081
ID_7ETO5HMBHS,0.1857108
ID_E8XFSWSHEW,0.27701238
ID_51QQDS0290,0.19769609
ID_JD9D25CLPV,0.17914438
ID_PAWIH292SB,0.26718694
ID_EMPXLFEHRN,0.053072803
ID_437MU86JLQ,0.13422588
ID_TMGB3DFDLX,0.1929323
ID_S2ZV4BHNN5,0.5671457
